idno,ses_index,talent_index,capital
50004,0.8134400776322174,0.3333333333333333,3.333333333333333
50032,0.5456089277049976,1.0,3.333333333333333
50059,0.5402717127607958,0.6666666666666666,5.0
50070,0.9417758369723435,0.3333333333333333,8.333333333333332
50083,0.502668607472101,0.0,2.5
50090,0.6145075206210577,1.0,6.666666666666666
50099,0.48544395924308587,0.3333333333333333,5.0
50129,0.46288209606986896,0.0,3.333333333333333
50138,0.5184376516254245,0.0,1.6666666666666665
50156,0.8306647258612324,0.6666666666666666,9.166666666666668
50195,0.7195536147501214,0.6666666666666666,0.8333333333333333
50204,0.5739932071809801,1.0,5.0
50228,0.37433284813197476,0.6666666666666666,3.333333333333333
50267,0.7256186317321689,0.3333333333333333,3.333333333333333
50268,0.6011644832605532,1.0,10.0
50275,0.7506065016982048,0.6666666666666666,5.0
50280,0.4291606016496846,0.0,3.333333333333333
50293,0.4291606016496846,0.6666666666666666,4.166666666666666
50312,0.26322173702086366,0.6666666666666666,2.5
50368,0.42988840368753034,1.0,5.0
50371,0.26322173702086366,0.0,1.6666666666666665
50376,0.37433284813197476,1.0,5.0
50396,0.20111596312469673,1.0,5.0
50420,0.3187772925764192,0.0,2.5
50431,0.12833575934012614,0.0,4.166666666666666
50495,0.2566715186802523,0.6666666666666666,5.0
50544,0.3066472586123241,0.6666666666666666,6.666666666666666
50552,0.9417758369723435,0.6666666666666666,5.0
50553,0.6145075206210577,0.6666666666666666,3.333333333333333
50587,0.6639980591945658,0.6666666666666666,5.833333333333334
50627,0.12760795730228044,0.0,3.333333333333333
50639,0.183163512857836,0.6666666666666666,5.0
50641,0.6295487627365357,0.0,3.333333333333333
50690,0.29500242600679283,0.0,3.333333333333333
50723,0.48010674429888406,1.0,10.0
50813,0.5958272683163512,0.3333333333333333,3.333333333333333
50833,0.5739932071809801,0.0,2.5
50839,0.5958272683163512,0.0,3.333333333333333
50861,0.8617176128093158,0.6666666666666666,5.0
50882,0.9417758369723435,1.0,8.333333333333332
50900,0.6394953905870937,1.0,5.0
50949,0.5409995147986415,0.6666666666666666,2.5
50973,0.6521106259097526,1.0,1.6666666666666665
50974,0.12760795730228044,0.6666666666666666,4.166666666666666
50982,0.42988840368753034,0.3333333333333333,2.5
50998,0.7751091703056768,0.0,10.0
50999,0.8617176128093158,0.6666666666666666,5.0
51022,0.8306647258612324,1.0,5.0
51118,0.26322173702086366,0.6666666666666666,2.5
51165,0.14556040756914118,1.0,5.0
51168,0.8306647258612324,0.6666666666666666,2.5
51175,0.6521106259097526,0.6666666666666666,5.0
51176,0.7406598738476468,1.0,4.166666666666666
51177,0.8617176128093158,1.0,5.0
51188,0.3187772925764192,0.6666666666666666,3.333333333333333
51196,0.23944687045123725,0.0,1.6666666666666665
51226,0.48544395924308587,0.0,3.333333333333333
51227,0.7256186317321689,0.0,5.0
51273,0.9417758369723435,0.3333333333333333,2.5
51276,0.5409995147986415,0.6666666666666666,4.166666666666666
51277,0.4344978165938865,0.6666666666666666,4.166666666666666
51282,0.8617176128093158,0.6666666666666666,6.666666666666666
51299,0.2076661814653081,1.0,3.333333333333333
51356,0.5,0.0,6.666666666666666
51371,0.9417758369723435,1.0,6.666666666666666
51386,0.46288209606986896,0.6666666666666666,4.166666666666666
51420,0.596555070354197,0.3333333333333333,2.5
51421,0.8306647258612324,0.3333333333333333,10.0
51426,0.4417758369723435,0.6666666666666666,6.666666666666666
51489,0.4847161572052402,0.0,2.5
51492,0.9417758369723435,1.0,5.0
51498,0.2076661814653081,0.0,0.8333333333333333
51500,0.12760795730228044,0.0,2.5
51540,0.3187772925764192,0.0,5.0
51542,0.26322173702086366,0.0,2.5
51575,0.8306647258612324,0.3333333333333333,3.333333333333333
51580,0.5184376516254245,0.0,3.333333333333333
51619,0.48544395924308587,0.6666666666666666,2.5
51659,0.3187772925764192,0.0,5.833333333333334
51665,0.7406598738476468,1.0,3.333333333333333
51667,0.596555070354197,0.6666666666666666,3.333333333333333
51669,0.5288694808345463,0.3333333333333333,1.6666666666666665
51699,0.596555070354197,0.0,3.333333333333333
51711,0.868995633187773,0.6666666666666666,3.333333333333333
51722,0.8862202814167879,1.0,10.0
51769,0.37433284813197476,0.0,3.333333333333333
51770,0.5409995147986415,0.6666666666666666,5.0
51800,0.3187772925764192,0.0,2.5
51820,0.9417758369723435,1.0,5.0
51862,0.26322173702086366,0.0,2.5
51867,0.46288209606986896,0.6666666666666666,1.6666666666666665
51873,0.4471130519165454,0.0,1.6666666666666665
51902,0.42988840368753034,0.6666666666666666,3.333333333333333
51921,0.596555070354197,1.0,2.5
51930,0.42988840368753034,0.0,3.333333333333333
51934,0.4471130519165454,0.6666666666666666,0.0
51957,0.7962154294032023,0.6666666666666666,6.666666666666666
51981,0.5839398350315381,0.3333333333333333,4.166666666666666
51994,0.3187772925764192,0.6666666666666666,3.333333333333333
52021,0.5958272683163512,0.0,1.6666666666666665
52028,0.33672974284327994,1.0,5.0
52036,0.2076661814653081,0.0,2.5
52043,0.42988840368753034,0.6666666666666666,5.0
52083,0.15211062590975255,1.0,0.0
52098,0.5720524017467249,0.6666666666666666,2.5
52109,0.4291606016496846,0.6666666666666666,1.6666666666666665
52112,0.596555070354197,1.0,5.0
52126,0.3187772925764192,0.0,2.5
52132,0.4291606016496846,0.6666666666666666,5.0
52144,0.7406598738476468,1.0,6.666666666666666
52147,0.7751091703056768,0.0,10.0
52190,0.42988840368753034,0.6666666666666666,3.333333333333333
52192,0.3187772925764192,0.6666666666666666,5.0
52198,0.7962154294032023,0.0,5.0
52200,0.40732654051431344,1.0,3.333333333333333
52215,0.5184376516254245,1.0,5.0
52247,0.596555070354197,0.6666666666666666,3.333333333333333
52292,0.42988840368753034,0.0,5.0
52296,0.42988840368753034,1.0,3.333333333333333
52322,0.8306647258612324,1.0,5.0
52357,0.26322173702086366,0.0,1.6666666666666665
52361,0.6851043182920913,0.6666666666666666,5.0
52401,0.44784085395439105,0.0,8.333333333333332
52405,0.7506065016982048,0.3333333333333333,5.0
52426,0.5900048520135857,0.3333333333333333,8.333333333333332
52435,0.6950509461426492,1.0,5.0
52469,0.6851043182920913,0.3333333333333333,8.333333333333332
52493,0.46288209606986896,0.6666666666666666,5.833333333333334
52498,0.8617176128093158,0.3333333333333333,8.333333333333332
52520,0.7962154294032023,0.6666666666666666,5.0
52543,0.3922852983988355,0.3333333333333333,5.0
52560,0.5033964095099466,1.0,5.0
52568,0.3187772925764192,0.6666666666666666,1.6666666666666665
52572,0.6700630761766133,1.0,0.0
52596,0.5409995147986415,0.6666666666666666,3.333333333333333
52598,0.5184376516254245,0.6666666666666666,1.6666666666666665
52611,0.49733139252789904,0.0,3.333333333333333
52612,0.6295487627365357,1.0,5.0
52631,0.5184376516254245,0.0,5.0
52694,0.31222707423580787,0.6666666666666666,1.6666666666666665
52698,0.5589519650655022,0.3333333333333333,6.666666666666666
52702,0.8306647258612324,0.6666666666666666,1.6666666666666665
52727,0.4226103833090733,0.3333333333333333,1.6666666666666665
52749,0.48544395924308587,0.6666666666666666,2.5
52777,0.5409995147986415,0.0,1.6666666666666665
52789,0.6700630761766133,1.0,3.333333333333333
52790,0.9417758369723435,0.6666666666666666,5.833333333333334
52795,0.6521106259097526,1.0,3.333333333333333
52797,0.3187772925764192,0.6666666666666666,2.5
52806,0.5033964095099466,1.0,5.0
52812,0.7195536147501214,1.0,3.333333333333333
52830,0.6639980591945658,0.6666666666666666,5.0
52864,0.7122755943716643,0.3333333333333333,8.333333333333332
52918,0.5409995147986415,0.3333333333333333,3.333333333333333
52926,0.5739932071809801,0.6666666666666666,2.5
52930,0.5409995147986415,1.0,2.5
52933,0.5739932071809801,0.6666666666666666,3.333333333333333
52939,0.6693352741387676,0.6666666666666666,3.333333333333333
52945,0.5409995147986415,0.0,0.0
52952,0.6521106259097526,1.0,3.333333333333333
52974,0.6950509461426492,0.6666666666666666,5.0
53012,0.2076661814653081,0.0,5.0
53013,0.5727802037845706,0.3333333333333333,5.833333333333334
53061,0.15211062590975255,1.0,1.6666666666666665
53088,0.6295487627365357,1.0,10.0
53089,0.5283842794759825,0.6666666666666666,5.0
53107,0.4226103833090733,0.6666666666666666,2.5
53119,0.4291606016496846,0.0,3.333333333333333
53126,0.3517709849587579,0.6666666666666666,6.666666666666666
53130,0.42988840368753034,0.0,3.333333333333333
53152,0.48544395924308587,0.6666666666666666,2.5
53223,0.15211062590975255,0.0,3.333333333333333
53240,0.5582241630276564,0.6666666666666666,4.166666666666666
53250,0.42988840368753034,0.0,2.5
53264,0.3187772925764192,0.3333333333333333,3.333333333333333
53327,0.5356622998544396,0.6666666666666666,6.666666666666666
53330,0.47816593886462877,0.3333333333333333,3.333333333333333
53332,0.46288209606986896,0.6666666666666666,3.333333333333333
53336,0.12833575934012614,0.6666666666666666,2.5
53358,0.4471130519165454,0.0,3.333333333333333
53369,0.7962154294032023,0.3333333333333333,5.0
53381,0.3180494905385735,0.0,2.5
53403,0.42988840368753034,0.6666666666666666,3.333333333333333
53405,0.7962154294032023,0.3333333333333333,5.0
53412,0.4172731683648714,0.3333333333333333,3.333333333333333
53424,0.5409995147986415,1.0,5.0
53429,0.6639980591945658,0.0,5.0
53431,0.6639980591945658,1.0,5.0
53435,0.7406598738476468,1.0,2.5
53436,0.9417758369723435,0.6666666666666666,4.166666666666666
53439,0.4291606016496846,0.6666666666666666,3.333333333333333
53457,0.183163512857836,1.0,6.666666666666666
53473,0.42988840368753034,0.0,1.6666666666666665
53477,0.3180494905385735,0.6666666666666666,2.5
53510,0.9417758369723435,0.3333333333333333,2.5
53554,0.6145075206210577,0.0,5.833333333333334
53584,0.48544395924308587,1.0,8.333333333333332
53617,1.0,0.6666666666666666,6.666666666666666
53624,0.3187772925764192,0.6666666666666666,3.333333333333333
53662,0.37433284813197476,1.0,1.6666666666666665
53707,0.26322173702086366,0.6666666666666666,5.0
53737,0.6084425036390102,0.6666666666666666,3.333333333333333
53765,0.5184376516254245,0.0,6.666666666666666
53772,0.2076661814653081,0.6666666666666666,3.333333333333333
53779,0.5283842794759825,1.0,3.333333333333333
53785,0.7751091703056768,0.6666666666666666,6.666666666666666
53828,0.37433284813197476,0.6666666666666666,3.333333333333333
53833,0.7751091703056768,0.6666666666666666,1.6666666666666665
53836,0.8617176128093158,0.6666666666666666,10.0
53851,0.5958272683163512,1.0,5.0
53882,0.40732654051431344,0.6666666666666666,5.0
53890,0.8233867054827754,0.0,5.0
53895,0.5582241630276564,0.6666666666666666,2.5
53917,0.6084425036390102,0.6666666666666666,5.0
53963,0.8617176128093158,0.3333333333333333,6.666666666666666
53990,0.37360504609412903,0.0,2.5
53993,0.5958272683163512,0.6666666666666666,3.333333333333333
53994,0.195536147501213,0.0,4.166666666666666
53996,0.31222707423580787,1.0,3.333333333333333
54002,0.48544395924308587,0.0,0.0
54018,0.6295487627365357,0.0,3.333333333333333
54040,0.3187772925764192,0.0,5.0
54041,0.42333818534691897,0.6666666666666666,10.0
54056,0.12760795730228044,0.6666666666666666,2.5
54070,0.5409995147986415,0.0,2.5
54076,0.48544395924308587,1.0,10.0
54090,0.7962154294032023,0.6666666666666666,5.0
54118,0.5409995147986415,0.0,3.333333333333333
54131,0.2076661814653081,0.6666666666666666,5.0
54135,0.868995633187773,1.0,5.833333333333334
54160,0.5839398350315381,1.0,6.666666666666666
54164,0.5283842794759825,0.3333333333333333,3.333333333333333
54198,0.37433284813197476,0.3333333333333333,5.0
54234,0.48544395924308587,0.3333333333333333,5.0
54244,0.46288209606986896,0.6666666666666666,2.5
54247,0.5739932071809801,0.6666666666666666,3.333333333333333
54256,0.4177583697234352,1.0,3.333333333333333
54261,0.8233867054827754,1.0,2.5
54267,0.2566715186802523,0.6666666666666666,6.666666666666666
54333,0.7506065016982048,0.0,3.333333333333333
54334,0.7678311499272198,0.6666666666666666,3.333333333333333
54362,0.6455604075691412,1.0,3.333333333333333
54367,0.8306647258612324,1.0,4.166666666666666
54371,0.26322173702086366,0.0,2.5
54419,0.15211062590975255,0.6666666666666666,2.5
54427,0.22489082969432314,0.6666666666666666,5.0
54448,0.4471130519165454,0.3333333333333333,5.833333333333334
54456,0.26322173702086366,0.0,3.333333333333333
54476,0.596555070354197,0.6666666666666666,2.5
54504,0.48544395924308587,1.0,5.0
54535,0.6513828238719068,0.6666666666666666,2.5
54541,0.2076661814653081,0.6666666666666666,5.0
54558,0.15211062590975255,0.0,2.5
54561,0.4061135371179039,0.0,3.333333333333333
54601,0.07205240174672489,0.0,1.6666666666666665
54644,0.5184376516254245,1.0,5.0
54656,0.7195536147501214,0.3333333333333333,6.666666666666666
54660,0.5528869480834546,0.6666666666666666,7.5
54670,0.42988840368753034,0.0,3.333333333333333
54700,0.6851043182920913,0.0,2.5
54708,0.5589519650655022,1.0,2.5
54714,0.7751091703056768,0.6666666666666666,3.333333333333333
54728,0.6700630761766133,1.0,5.0
54774,0.9417758369723435,1.0,10.0
54794,0.48544395924308587,0.6666666666666666,8.333333333333334
54803,0.8862202814167879,0.3333333333333333,9.166666666666668
54808,0.37433284813197476,0.0,3.333333333333333
54824,0.9417758369723435,1.0,8.333333333333332
54845,0.26322173702086366,0.0,0.0
54846,0.3187772925764192,0.6666666666666666,3.333333333333333
54849,0.15211062590975255,0.0,2.5
54862,0.6851043182920913,0.6666666666666666,4.166666666666666
54924,0.8233867054827754,0.6666666666666666,3.333333333333333
54934,0.5033964095099466,0.6666666666666666,0.8333333333333333
54980,1.0,1.0,6.666666666666666
54983,0.8862202814167879,0.3333333333333333,8.333333333333332
54984,0.5739932071809801,0.6666666666666666,3.333333333333333
54986,0.37433284813197476,0.6666666666666666,1.6666666666666665
54997,0.42988840368753034,0.0,2.5
55052,0.48544395924308587,1.0,3.333333333333333
55083,0.9444444444444444,1.0,5.0
55087,0.9417758369723435,0.3333333333333333,10.0
55125,0.44784085395439105,0.3333333333333333,2.5
55165,0.5409995147986415,0.0,3.333333333333333
55183,0.262493934983018,0.6666666666666666,1.6666666666666665
55213,0.502668607472101,1.0,6.666666666666666
55249,0.9417758369723435,1.0,9.166666666666668
55290,0.6145075206210577,0.0,5.0
55349,0.8862202814167879,1.0,7.5
55372,0.2076661814653081,0.0,2.5
55382,0.7962154294032023,0.6666666666666666,5.0
55383,0.3517709849587579,0.0,2.5
55403,0.9417758369723435,0.6666666666666666,2.5
55458,0.6295487627365357,0.6666666666666666,3.333333333333333
55460,0.7962154294032023,0.3333333333333333,2.5
55492,0.2076661814653081,0.6666666666666666,3.333333333333333
55524,0.26322173702086366,0.6666666666666666,3.333333333333333
55531,0.48544395924308587,0.6666666666666666,3.333333333333333
55534,0.5409995147986415,1.0,1.6666666666666665
55561,0.6567200388161087,0.6666666666666666,10.0
55565,0.6145075206210577,0.6666666666666666,3.333333333333333
55591,0.37433284813197476,0.3333333333333333,3.333333333333333
55608,0.5739932071809801,0.3333333333333333,3.333333333333333
55609,0.2076661814653081,0.0,0.8333333333333333
55616,0.5727802037845706,0.6666666666666666,2.5
55629,0.7506065016982048,0.6666666666666666,3.333333333333333
55631,0.5184376516254245,0.6666666666666666,3.333333333333333
55634,0.7751091703056768,0.0,2.5
55647,0.7777777777777778,1.0,3.333333333333333
55664,0.9417758369723435,1.0,7.5
55703,0.6295487627365357,0.6666666666666666,1.6666666666666665
55724,0.40732654051431344,0.6666666666666666,2.5
55748,0.37433284813197476,0.6666666666666666,5.0
55781,0.36171761280931586,1.0,5.0
55782,0.48544395924308587,0.6666666666666666,1.6666666666666665
55808,0.33672974284327994,0.0,2.5
55851,0.6295487627365357,0.0,5.0
55904,0.26322173702086366,0.0,5.0
55922,0.9417758369723435,1.0,10.0
55936,0.7506065016982048,0.0,3.333333333333333
55957,0.3187772925764192,0.0,2.5
56016,0.596555070354197,0.3333333333333333,3.333333333333333
56032,0.9417758369723435,1.0,5.0
56064,0.3517709849587579,0.6666666666666666,8.333333333333332
56086,0.7751091703056768,1.0,2.5
56101,0.26322173702086366,0.0,2.5
56107,0.26322173702086366,0.0,5.0
56132,0.37433284813197476,0.6666666666666666,5.0
56169,0.42988840368753034,0.6666666666666666,3.333333333333333
56196,0.46288209606986896,1.0,3.333333333333333
56211,0.7506065016982048,0.3333333333333333,10.0
56213,0.6521106259097526,0.3333333333333333,5.0
56219,0.6700630761766133,0.0,5.0
56239,0.6455604075691412,0.0,5.833333333333332
56256,0.15211062590975255,0.0,3.333333333333333
56265,0.7195536147501214,1.0,3.333333333333333
56267,0.3187772925764192,1.0,5.0
56270,1.0,1.0,7.5
56295,0.7256186317321689,1.0,3.333333333333333
56297,0.46288209606986896,0.6666666666666666,3.333333333333333
56317,0.5184376516254245,0.6666666666666666,1.6666666666666665
56325,0.596555070354197,0.0,3.333333333333333
56328,0.5409995147986415,1.0,3.333333333333333
56355,0.6851043182920913,0.6666666666666666,2.5
56401,0.8306647258612324,1.0,8.333333333333332
56403,0.8862202814167879,0.0,3.333333333333333
56432,0.596555070354197,0.3333333333333333,2.5
56437,0.2076661814653081,0.0,2.5
56456,0.48010674429888406,0.6666666666666666,10.0
56462,0.6851043182920913,1.0,3.333333333333333
56470,0.6145075206210577,0.3333333333333333,5.0
56479,0.6295487627365357,1.0,5.0
56498,0.5958272683163512,0.6666666666666666,2.5
56500,0.46288209606986896,0.6666666666666666,2.5
56509,0.26322173702086366,0.0,2.5
56527,0.596555070354197,1.0,3.333333333333333
56560,0.5409995147986415,0.6666666666666666,3.333333333333333
56562,0.7195536147501214,1.0,6.666666666666666
56648,0.8617176128093158,0.6666666666666666,1.6666666666666665
56674,0.6455604075691412,0.3333333333333333,3.333333333333333
56684,0.6513828238719068,1.0,6.666666666666666
56690,0.4847161572052402,0.0,3.333333333333333
56715,0.5409995147986415,0.6666666666666666,3.333333333333333
56741,0.7506065016982048,0.0,3.333333333333333
56777,0.2942746239689471,0.6666666666666666,0.0
56807,0.7751091703056768,0.6666666666666666,8.333333333333332
56808,0.3187772925764192,0.0,5.0
56809,0.8617176128093158,1.0,5.0
56886,0.1111111111111111,0.6666666666666666,0.0
56915,0.5184376516254245,0.6666666666666666,6.666666666666666
56956,0.46288209606986896,1.0,2.5
56967,0.8306647258612324,0.3333333333333333,3.333333333333333
56992,0.48544395924308587,1.0,7.5
57041,0.37433284813197476,0.6666666666666666,3.333333333333333
57077,0.8061620572537602,0.0,3.333333333333333
57088,0.07205240174672489,0.0,4.166666666666666
57092,0.5739932071809801,1.0,6.666666666666666
57097,0.37433284813197476,0.0,3.333333333333333
57123,0.26322173702086366,0.0,3.333333333333333
57139,0.4609412906356138,0.0,0.0
57179,0.26322173702086366,0.6666666666666666,2.5
57209,0.596555070354197,1.0,3.333333333333333
57219,0.2942746239689471,0.0,1.6666666666666665
57265,0.7962154294032023,0.6666666666666666,5.0
57297,0.5409995147986415,0.6666666666666666,3.333333333333333
57316,0.42988840368753034,0.6666666666666666,3.333333333333333
57337,0.48544395924308587,0.3333333333333333,3.333333333333333
57350,0.7256186317321689,0.0,3.333333333333333
57356,0.36171761280931586,0.3333333333333333,8.333333333333332
57372,0.262493934983018,0.6666666666666666,3.333333333333333
57384,0.5409995147986415,0.6666666666666666,3.333333333333333
57399,0.4291606016496846,0.0,3.333333333333333
57420,0.31222707423580787,0.6666666666666666,10.0
57431,0.3517709849587579,0.6666666666666666,6.666666666666666
57441,0.7406598738476468,1.0,3.333333333333333
57456,0.9417758369723435,0.3333333333333333,2.5
57466,0.42988840368753034,0.0,3.333333333333333
57469,0.37433284813197476,0.0,2.5
57477,0.46288209606986896,0.6666666666666666,2.5
57479,0.2076661814653081,0.6666666666666666,2.5
57516,0.8617176128093158,1.0,3.333333333333333
57521,0.2076661814653081,0.0,3.333333333333333
57546,0.23871906841339155,0.0,3.333333333333333
57569,0.7023289665211063,0.0,2.5
57594,0.7406598738476468,0.0,3.333333333333333
57630,0.5900048520135857,1.0,5.0
57642,0.8306647258612324,0.6666666666666666,3.333333333333333
57679,0.6521106259097526,0.6666666666666666,6.666666666666666
57744,0.40732654051431344,0.6666666666666666,7.5
57785,0.8617176128093158,1.0,2.5
57805,0.48544395924308587,0.6666666666666666,0.0
57812,0.5589519650655022,0.6666666666666666,6.666666666666666
57861,0.7256186317321689,0.3333333333333333,8.333333333333332
57885,0.5839398350315381,1.0,5.0
57888,0.37360504609412903,0.6666666666666666,2.5
57899,0.5409995147986415,0.0,3.333333333333333
57945,0.5589519650655022,1.0,3.333333333333333
57956,0.4061135371179039,0.6666666666666666,5.0
57959,0.8862202814167879,0.3333333333333333,8.333333333333332
57996,0.6295487627365357,0.6666666666666666,3.333333333333333
58047,0.6521106259097526,0.6666666666666666,2.5
58069,0.7962154294032023,0.6666666666666666,5.0
58080,0.48544395924308587,0.0,3.333333333333333
58128,0.7023289665211063,1.0,9.166666666666668
58170,0.7777777777777778,0.3333333333333333,3.333333333333333
58173,0.6455604075691412,0.0,7.5
58222,0.5720524017467249,0.0,2.5
58229,0.36899563318777295,1.0,9.166666666666668
58255,0.42988840368753034,0.3333333333333333,0.8333333333333333
58263,0.9417758369723435,1.0,3.333333333333333
58277,0.8306647258612324,0.0,3.333333333333333
58289,0.6521106259097526,1.0,3.333333333333333
58333,0.2076661814653081,0.0,3.333333333333333
58372,0.6145075206210577,0.0,5.0
58395,0.7962154294032023,0.6666666666666666,3.333333333333333
58406,0.48544395924308587,0.6666666666666666,3.333333333333333
58415,0.8333333333333333,0.0,5.833333333333334
58448,0.6521106259097526,0.3333333333333333,3.333333333333333
58458,0.3066472586123241,0.6666666666666666,2.5
58466,0.7248908296943232,0.6666666666666666,3.333333333333333
58473,0.46288209606986896,0.0,5.0
58481,0.868995633187773,0.6666666666666666,5.0
58488,0.4847161572052402,0.6666666666666666,3.333333333333333
58507,0.2076661814653081,0.6666666666666666,5.0
58513,0.6521106259097526,0.0,3.333333333333333
58525,0.4291606016496846,0.6666666666666666,3.333333333333333
58617,0.26322173702086366,0.6666666666666666,3.333333333333333
58623,0.22489082969432314,0.0,3.333333333333333
58631,0.40732654051431344,1.0,2.5
58643,0.2942746239689471,0.0,2.5
58681,0.5589519650655022,1.0,3.333333333333333
58688,0.7256186317321689,0.3333333333333333,4.166666666666666
58724,0.3187772925764192,0.6666666666666666,2.5
58769,0.37433284813197476,0.0,2.5
58801,0.6145075206210577,0.6666666666666666,3.333333333333333
58827,0.48544395924308587,0.6666666666666666,4.166666666666666
58856,0.37433284813197476,0.6666666666666666,5.0
58869,0.5409995147986415,0.0,1.6666666666666665
58884,0.8134400776322174,0.6666666666666666,3.333333333333333
58890,0.868995633187773,0.0,2.5
58897,0.3187772925764192,0.6666666666666666,2.5
58984,0.3517709849587579,0.6666666666666666,2.5
58985,0.6145075206210577,0.3333333333333333,1.6666666666666665
58999,0.9417758369723435,0.0,9.166666666666668
59062,0.5409995147986415,0.3333333333333333,3.333333333333333
59065,0.2222222222222222,0.6666666666666666,9.166666666666668
59069,0.3670548277535177,1.0,8.333333333333332
59095,0.05555555555555555,0.6666666666666666,0.8333333333333333
59119,0.3498301795245027,0.6666666666666666,4.166666666666666
59145,0.5402717127607958,1.0,2.5
59151,0.2076661814653081,1.0,10.0
59216,0.3187772925764192,0.3333333333333333,5.0
59245,0.9417758369723435,0.3333333333333333,3.333333333333333
59264,0.8306647258612324,0.0,5.0
59294,0.8306647258612324,0.0,3.333333333333333
59296,0.42988840368753034,0.0,1.6666666666666665
59329,0.5283842794759825,0.0,5.0
59352,0.48544395924308587,0.6666666666666666,2.5
59367,0.3915574963609898,0.0,5.0
59398,0.7195536147501214,0.6666666666666666,7.5
59428,0.6145075206210577,0.6666666666666666,5.0
59440,0.26322173702086366,0.6666666666666666,5.0
59464,0.4847161572052402,0.0,1.6666666666666665
59475,0.46288209606986896,0.6666666666666666,3.333333333333333
59477,0.7195536147501214,1.0,6.666666666666666
59487,0.12833575934012614,0.0,3.333333333333333
59497,0.7023289665211063,0.3333333333333333,3.333333333333333
59563,0.4847161572052402,0.6666666666666666,2.5
59588,0.596555070354197,0.6666666666666666,6.666666666666666
59614,0.5900048520135857,1.0,6.666666666666666
59651,0.5337214944201844,1.0,5.0
59660,0.8306647258612324,0.6666666666666666,3.333333333333333
59672,0.9417758369723435,1.0,6.666666666666666
59679,0.3498301795245027,0.3333333333333333,0.8333333333333333
59694,0.5184376516254245,0.6666666666666666,2.5
59712,0.183163512857836,0.0,2.5
59713,0.8061620572537602,1.0,9.166666666666668
59728,0.4471130519165454,1.0,7.5
59732,0.36899563318777295,0.0,6.666666666666666
59736,0.42455118874332853,1.0,5.0
59740,0.5356622998544396,0.6666666666666666,1.6666666666666665
59743,0.7195536147501214,0.3333333333333333,1.6666666666666665
59747,0.15211062590975255,0.6666666666666666,2.5
59789,0.48544395924308587,0.6666666666666666,3.333333333333333
59820,0.8617176128093158,1.0,7.5
59880,0.596555070354197,0.0,1.6666666666666665
59904,0.2076661814653081,0.0,1.6666666666666665
59921,0.5409995147986415,0.6666666666666666,2.5
59933,0.3187772925764192,0.0,3.333333333333333
59957,0.9417758369723435,1.0,5.0
59960,0.6394953905870937,0.3333333333333333,3.333333333333333
59961,0.5589519650655022,0.6666666666666666,2.5
59966,0.23871906841339155,0.6666666666666666,2.5
60024,0.5727802037845706,0.6666666666666666,6.666666666666666
60038,0.6521106259097526,0.6666666666666666,3.333333333333333
60064,0.5589519650655022,1.0,3.333333333333333
60103,0.262493934983018,1.0,5.0
60105,0.262493934983018,0.0,1.6666666666666665
60123,0.7248908296943232,1.0,5.0
60219,0.5739932071809801,0.6666666666666666,5.0
60267,0.9417758369723435,0.3333333333333333,2.5
60312,0.5912178554099952,0.6666666666666666,2.5
60342,0.37433284813197476,0.0,3.333333333333333
60365,0.4291606016496846,0.6666666666666666,3.333333333333333
60378,0.42988840368753034,0.6666666666666666,2.5
60380,0.26322173702086366,0.6666666666666666,2.5
60390,0.6851043182920913,1.0,1.6666666666666665
60393,0.3187772925764192,0.6666666666666666,3.333333333333333
60406,0.8134400776322174,1.0,5.0
60447,0.8306647258612324,0.0,6.666666666666666
60473,0.3187772925764192,0.6666666666666666,2.5
60550,0.2076661814653081,0.6666666666666666,1.6666666666666665
60551,0.48544395924308587,0.6666666666666666,5.0
60573,0.596555070354197,0.0,3.333333333333333
60577,0.37433284813197476,0.0,2.5
60579,0.8306647258612324,0.6666666666666666,5.0
60590,0.48544395924308587,0.6666666666666666,2.5
60605,0.7751091703056768,0.0,3.333333333333333
60615,0.4471130519165454,0.6666666666666666,5.833333333333334
60624,0.8061620572537602,0.0,3.333333333333333
60632,0.5892770499757399,0.6666666666666666,5.0
60733,0.12760795730228044,0.6666666666666666,1.6666666666666665
60751,0.5409995147986415,0.0,3.333333333333333
60797,0.49733139252789904,0.0,6.666666666666666
60878,0.6145075206210577,0.6666666666666666,5.0
60961,0.29621542940320233,1.0,8.333333333333332
60972,0.5402717127607958,1.0,10.0
60988,0.5739932071809801,1.0,5.0
61005,0.3187772925764192,0.0,2.5
61022,0.5839398350315381,0.6666666666666666,10.0
61041,0.44784085395439105,1.0,1.6666666666666665
61050,0.12833575934012614,1.0,2.5
61051,0.29500242600679283,1.0,5.833333333333334
61114,0.5892770499757399,1.0,2.5
61125,0.2076661814653081,0.0,6.666666666666666
61168,1.0,0.3333333333333333,5.833333333333334
61180,0.3187772925764192,0.0,1.6666666666666665
61206,0.6513828238719068,1.0,3.333333333333333
61212,0.8862202814167879,1.0,5.833333333333334
61251,0.5409995147986415,0.0,3.333333333333333
61270,0.16666666666666666,0.0,0.0
61396,0.3360019408054342,0.6666666666666666,5.0
61401,0.8862202814167879,0.0,6.666666666666666
61415,0.7195536147501214,1.0,5.0
61421,0.9417758369723435,0.3333333333333333,3.333333333333333
61424,0.7506065016982048,0.6666666666666666,5.0
61449,0.37360504609412903,0.6666666666666666,2.5
61473,0.2076661814653081,0.3333333333333333,2.5
61511,0.2566715186802523,0.6666666666666666,3.333333333333333
61532,0.9417758369723435,0.3333333333333333,7.5
61536,0.5409995147986415,1.0,3.333333333333333
61554,1.0,0.3333333333333333,6.666666666666666
61574,0.6455604075691412,0.6666666666666666,5.0
61599,0.3517709849587579,1.0,4.166666666666666
61639,0.48544395924308587,0.0,5.0
61683,0.3517709849587579,0.6666666666666666,4.166666666666666
61786,0.596555070354197,0.6666666666666666,6.666666666666666
61844,0.3187772925764192,0.3333333333333333,1.6666666666666665
61845,0.6639980591945658,0.6666666666666666,3.333333333333333
61865,0.47282872392042696,0.3333333333333333,3.333333333333333
61913,0.596555070354197,0.0,5.0
61927,0.7256186317321689,1.0,3.333333333333333
61932,0.6145075206210577,0.6666666666666666,3.333333333333333
61942,0.6145075206210577,0.3333333333333333,8.333333333333332
61943,0.596555070354197,0.6666666666666666,3.333333333333333
61950,0.5409995147986415,0.6666666666666666,2.5
61960,0.5720524017467249,0.6666666666666666,10.0
61984,0.2076661814653081,0.0,2.5
62019,0.5727802037845706,1.0,5.0
62038,0.7406598738476468,0.3333333333333333,3.333333333333333
62048,0.8862202814167879,1.0,5.0
62059,0.7406598738476468,0.3333333333333333,3.333333333333333
62096,0.37433284813197476,0.6666666666666666,3.333333333333333
62101,0.46288209606986896,0.6666666666666666,3.333333333333333
62111,0.3187772925764192,1.0,3.333333333333333
62117,0.6851043182920913,1.0,3.333333333333333
62123,0.42333818534691897,0.3333333333333333,5.833333333333332
62141,1.0,0.0,6.666666666666666
62155,0.6455604075691412,0.6666666666666666,5.833333333333334
62164,0.7751091703056768,0.6666666666666666,7.5
62172,0.14556040756914118,0.0,8.333333333333332
62190,0.8617176128093158,1.0,8.333333333333334
62214,0.40732654051431344,0.6666666666666666,3.333333333333333
62223,0.5727802037845706,0.6666666666666666,8.333333333333332
62229,0.7962154294032023,0.3333333333333333,1.6666666666666665
62231,0.26322173702086366,0.0,3.333333333333333
62239,0.5409995147986415,0.0,3.333333333333333
62245,0.9417758369723435,0.6666666666666666,2.5
62266,0.14556040756914118,0.6666666666666666,10.0
62281,0.6851043182920913,0.3333333333333333,3.333333333333333
62326,0.6851043182920913,0.6666666666666666,2.5
62331,0.9344978165938864,0.0,6.666666666666666
62362,0.7506065016982048,1.0,8.333333333333332
62374,0.5589519650655022,0.0,3.333333333333333
62399,0.6700630761766133,1.0,3.333333333333333
62418,0.2076661814653081,0.6666666666666666,5.0
62503,0.6394953905870937,0.0,5.0
62584,0.20111596312469673,0.3333333333333333,3.333333333333333
62591,0.6455604075691412,1.0,3.333333333333333
62596,0.3187772925764192,0.6666666666666666,2.5
62624,0.29500242600679283,0.0,3.333333333333333
62643,0.6851043182920913,0.0,5.0
62652,0.7248908296943232,1.0,3.333333333333333
62675,0.48010674429888406,0.3333333333333333,4.166666666666666
62699,0.596555070354197,0.6666666666666666,3.333333333333333
62752,0.46288209606986896,0.0,1.6666666666666665
62773,0.6084425036390102,1.0,5.0
62774,0.8306647258612324,0.3333333333333333,5.0
62792,0.7751091703056768,1.0,6.666666666666666
62821,0.6950509461426492,1.0,7.5
62858,0.12833575934012614,0.6666666666666666,3.333333333333333
62874,0.9444444444444444,1.0,3.333333333333333
62883,0.4847161572052402,0.0,3.333333333333333
62885,1.0,1.0,10.0
62944,0.7406598738476468,0.6666666666666666,3.333333333333333
62948,0.6700630761766133,0.6666666666666666,3.333333333333333
62952,0.33672974284327994,0.6666666666666666,3.333333333333333
62964,0.8233867054827754,0.0,5.833333333333334
63051,0.5739932071809801,0.3333333333333333,6.666666666666666
63061,0.26322173702086366,0.6666666666666666,4.166666666666666
63070,0.596555070354197,1.0,5.0
63127,0.5739932071809801,1.0,3.333333333333333
63189,0.9417758369723435,1.0,8.333333333333334
63194,0.07278020378457059,0.6666666666666666,3.333333333333333
63221,0.7777777777777778,1.0,10.0
63224,0.26322173702086366,0.6666666666666666,3.333333333333333
63228,0.8862202814167879,0.6666666666666666,8.333333333333332
63232,0.48544395924308587,0.6666666666666666,3.333333333333333
63241,0.6295487627365357,0.0,3.333333333333333
63248,0.4471130519165454,0.6666666666666666,3.333333333333333
63254,0.5409995147986415,1.0,5.0
63343,0.6521106259097526,0.0,3.333333333333333
63378,0.5337214944201844,1.0,5.833333333333332
63400,0.26322173702086366,0.3333333333333333,6.666666666666666
63438,0.1838913148956817,0.6666666666666666,1.6666666666666665
63512,0.46288209606986896,0.0,6.666666666666666
63515,0.6521106259097526,0.6666666666666666,0.8333333333333333
63522,0.4788937409024745,0.3333333333333333,8.333333333333332
63527,0.4847161572052402,1.0,2.5
63533,0.3187772925764192,1.0,5.0
63543,0.2076661814653081,0.0,3.333333333333333
63544,0.7248908296943232,0.0,3.333333333333333
63554,0.5582241630276564,0.3333333333333333,3.333333333333333
63577,0.8306647258612324,1.0,6.666666666666666
63614,0.7256186317321689,1.0,5.0
63619,0.42988840368753034,0.6666666666666666,2.5
63627,0.20111596312469673,0.3333333333333333,10.0
63629,0.2076661814653081,0.6666666666666666,2.5
63630,0.3333333333333333,0.6666666666666666,8.333333333333332
63638,1.0,1.0,10.0
63662,0.14556040756914118,0.0,6.666666666666666
63675,0.7195536147501214,1.0,2.5
63678,0.3180494905385735,0.6666666666666666,3.333333333333333
63749,0.5727802037845706,0.6666666666666666,5.0
63766,0.40732654051431344,0.0,3.333333333333333
63778,0.8306647258612324,0.3333333333333333,5.0
63781,0.2069383794274624,0.6666666666666666,2.5
63803,0.6950509461426492,0.6666666666666666,3.333333333333333
63827,0.5409995147986415,0.0,5.0
63844,0.6851043182920913,1.0,1.6666666666666665
63855,0.3517709849587579,0.6666666666666666,3.333333333333333
63889,0.46288209606986896,0.6666666666666666,5.0
63905,0.48544395924308587,0.3333333333333333,3.333333333333333
63914,0.5033964095099466,0.0,5.0
64010,0.6693352741387676,0.6666666666666666,2.5
64054,0.36171761280931586,1.0,2.5
64100,0.5739932071809801,0.6666666666666666,3.333333333333333
64104,0.7256186317321689,1.0,8.333333333333332
64139,0.3922852983988355,0.0,6.666666666666666
64141,0.3187772925764192,0.0,3.333333333333333
64186,0.5739932071809801,0.0,3.333333333333333
64272,0.48544395924308587,1.0,5.0
64316,0.5582241630276564,1.0,3.333333333333333
64319,0.6295487627365357,1.0,0.8333333333333333
64326,0.4788937409024745,0.0,6.666666666666666
64336,0.7751091703056768,1.0,5.833333333333334
64360,0.5164968461911693,0.6666666666666666,0.0
64377,0.8862202814167879,0.0,2.5
64385,0.48010674429888406,0.6666666666666666,8.333333333333332
64404,0.8789422610383308,1.0,5.0
64413,0.7751091703056768,0.0,2.5
64415,0.48544395924308587,0.0,3.333333333333333
64419,0.3498301795245027,0.6666666666666666,0.8333333333333333
64440,0.48010674429888406,1.0,5.0
64460,0.5344492964580301,0.6666666666666666,3.333333333333333
64461,0.3187772925764192,0.0,1.6666666666666665
64493,0.7751091703056768,0.6666666666666666,2.5
64495,0.15211062590975255,0.6666666666666666,2.5
64519,0.7962154294032023,1.0,3.333333333333333
64539,0.42988840368753034,0.0,5.833333333333334
64551,0.3180494905385735,1.0,1.6666666666666665
64605,0.3505579815623484,0.6666666666666666,5.0
64619,0.7962154294032023,0.0,3.333333333333333
64637,0.9417758369723435,0.3333333333333333,2.5
64640,0.5184376516254245,0.6666666666666666,5.0
64645,0.5409995147986415,0.0,5.0
64647,0.9444444444444444,0.6666666666666666,5.833333333333334
64658,0.6295487627365357,0.6666666666666666,6.666666666666666
64666,0.5409995147986415,0.6666666666666666,6.666666666666666
64692,0.40732654051431344,0.6666666666666666,3.333333333333333
64696,0.596555070354197,1.0,10.0
64705,0.42988840368753034,0.6666666666666666,2.5
64732,0.3517709849587579,0.0,8.333333333333332
64749,0.42988840368753034,0.0,2.5
64759,0.23944687045123725,0.0,1.6666666666666665
64766,0.8306647258612324,0.0,2.5
64778,0.8789422610383308,1.0,7.5
64799,0.6111111111111112,0.6666666666666666,8.333333333333332
64813,0.7195536147501214,1.0,1.6666666666666665
64827,0.7962154294032023,1.0,3.333333333333333
64846,0.5528869480834546,0.0,5.0
64851,0.613779718583212,1.0,3.333333333333333
64863,0.46166909267345946,0.3333333333333333,5.833333333333334
64904,0.7506065016982048,0.6666666666666666,4.166666666666666
64906,0.5402717127607958,0.3333333333333333,3.333333333333333
64952,0.14556040756914118,1.0,10.0
64964,0.6851043182920913,0.3333333333333333,5.0
64972,0.4609412906356138,0.6666666666666666,0.0
64973,0.37433284813197476,0.6666666666666666,3.333333333333333
64999,0.5402717127607958,0.6666666666666666,5.0
65010,0.3187772925764192,0.0,1.6666666666666665
65043,0.6521106259097526,0.3333333333333333,2.5
65064,0.42988840368753034,0.6666666666666666,5.0
65096,0.37433284813197476,1.0,0.0
65126,0.9417758369723435,0.6666666666666666,3.333333333333333
65190,0.5409995147986415,1.0,5.0
65192,0.6693352741387676,0.6666666666666666,3.333333333333333
65203,0.33672974284327994,0.0,4.166666666666666
65223,0.262493934983018,0.6666666666666666,3.333333333333333
65244,0.8862202814167879,0.3333333333333333,3.333333333333333
65249,0.7256186317321689,1.0,6.666666666666666
65285,0.36171761280931586,0.0,0.8333333333333333
65319,1.0,0.3333333333333333,10.0
65358,0.8306647258612324,0.6666666666666666,10.0
65365,0.5184376516254245,1.0,3.333333333333333
65410,0.3187772925764192,0.6666666666666666,3.333333333333333
65420,0.3187772925764192,0.0,3.333333333333333
65431,0.7222222222222222,0.6666666666666666,2.5
65474,0.5409995147986415,1.0,3.333333333333333
65495,0.33672974284327994,1.0,6.666666666666666
65546,0.3187772925764192,0.6666666666666666,2.5
65547,0.37433284813197476,0.0,2.5
65573,0.5409995147986415,1.0,2.5
65600,0.6639980591945658,0.6666666666666666,8.333333333333332
65641,0.6851043182920913,0.6666666666666666,2.5
65648,0.613779718583212,0.0,3.333333333333333
65760,0.8617176128093158,1.0,6.666666666666666
65762,0.183163512857836,0.6666666666666666,3.333333333333333
65774,0.5739932071809801,0.0,3.333333333333333
65830,0.7751091703056768,0.3333333333333333,9.166666666666668
65843,0.1838913148956817,0.6666666666666666,5.833333333333332
65848,0.2076661814653081,0.6666666666666666,2.5
65862,0.5033964095099466,0.3333333333333333,6.666666666666666
65943,0.6521106259097526,0.6666666666666666,4.166666666666666
65950,0.7506065016982048,0.3333333333333333,2.5
65979,0.7751091703056768,0.3333333333333333,3.333333333333333
65987,0.46288209606986896,0.3333333333333333,5.0
66014,0.48544395924308587,1.0,3.333333333333333
66034,0.40732654051431344,0.6666666666666666,1.6666666666666665
66046,0.26322173702086366,0.0,5.0
66054,0.5912178554099952,1.0,6.666666666666666
66057,0.42988840368753034,0.6666666666666666,5.0
66090,0.8862202814167879,1.0,3.333333333333333
66120,0.502668607472101,0.0,2.5
66136,0.613779718583212,0.6666666666666666,6.666666666666666
66140,0.48544395924308587,0.0,1.6666666666666665
66153,0.8789422610383308,0.3333333333333333,3.333333333333333
66156,0.2076661814653081,0.0,1.6666666666666665
66200,0.596555070354197,0.0,4.166666666666666
66207,0.07205240174672489,0.0,2.5
66253,0.3187772925764192,0.6666666666666666,2.5
66284,0.8789422610383308,0.6666666666666666,2.5
66303,0.3498301795245027,0.0,1.6666666666666665
66304,0.7751091703056768,1.0,3.333333333333333
66328,0.3360019408054342,0.0,5.0
66344,0.15211062590975255,0.6666666666666666,3.333333333333333
66350,0.48544395924308587,1.0,3.333333333333333
66369,0.8617176128093158,1.0,1.6666666666666665
66385,0.8862202814167879,0.3333333333333333,5.0
66386,0.7506065016982048,0.0,5.0
66407,0.183163512857836,0.6666666666666666,2.5
66409,0.29621542940320233,0.6666666666666666,3.333333333333333
66425,0.40732654051431344,0.0,3.333333333333333
66448,0.7406598738476468,0.0,1.6666666666666665
66492,0.37433284813197476,0.0,3.333333333333333
66534,0.8862202814167879,0.6666666666666666,6.666666666666666
66586,0.3517709849587579,1.0,5.0
66595,0.3498301795245027,0.0,1.6666666666666665
66603,0.596555070354197,0.0,6.666666666666666
66690,0.3360019408054342,0.6666666666666666,3.333333333333333
66694,0.5900048520135857,0.0,5.0
66696,0.5727802037845706,0.0,1.6666666666666665
66721,0.7195536147501214,0.0,6.666666666666666
66744,0.8306647258612324,0.6666666666666666,1.6666666666666665
66748,0.9417758369723435,0.0,4.166666666666666
66750,0.9417758369723435,1.0,5.0
66770,0.5900048520135857,0.3333333333333333,5.0
66775,0.5184376516254245,0.6666666666666666,5.0
66780,0.7195536147501214,0.0,6.666666666666666
66803,0.8306647258612324,1.0,3.333333333333333
66812,0.6851043182920913,0.6666666666666666,5.0
66835,0.46288209606986896,0.0,2.5
66846,0.37433284813197476,1.0,5.0
66914,0.6295487627365357,1.0,3.333333333333333
66918,0.7962154294032023,0.0,2.5
66951,0.5184376516254245,0.6666666666666666,8.333333333333332
66974,0.37433284813197476,0.6666666666666666,3.333333333333333
67019,0.46288209606986896,0.3333333333333333,2.5
67049,0.6950509461426492,0.6666666666666666,0.0
67123,0.8617176128093158,0.3333333333333333,5.833333333333334
67162,0.5409995147986415,0.0,0.0
67180,0.5356622998544396,0.3333333333333333,6.666666666666666
67224,0.3360019408054342,0.0,5.0
67229,0.46288209606986896,0.6666666666666666,3.333333333333333
67268,0.5739932071809801,0.6666666666666666,5.0
67321,0.3517709849587579,0.6666666666666666,3.333333333333333
67391,0.6145075206210577,0.0,6.666666666666666
67399,0.42988840368753034,0.6666666666666666,4.166666666666666
67446,0.4226103833090733,0.3333333333333333,0.0
67452,0.3360019408054342,0.3333333333333333,6.666666666666666
67459,0.7406598738476468,1.0,2.5
67476,0.596555070354197,0.6666666666666666,3.333333333333333
67477,0.3187772925764192,0.0,3.333333333333333
67504,0.7751091703056768,1.0,6.666666666666666
67515,0.6521106259097526,1.0,3.333333333333333
67542,0.7751091703056768,0.6666666666666666,2.5
67555,0.26322173702086366,0.0,2.5
67571,0.2076661814653081,0.0,3.333333333333333
67573,0.9417758369723435,0.6666666666666666,2.5
67582,0.7962154294032023,0.3333333333333333,3.333333333333333
67585,0.9417758369723435,1.0,3.333333333333333
67604,0.15211062590975255,0.6666666666666666,3.333333333333333
67620,0.6639980591945658,0.6666666666666666,6.666666666666666
67647,0.7222222222222222,0.6666666666666666,5.0
67667,0.5528869480834546,0.0,8.333333333333334
67681,0.37433284813197476,0.6666666666666666,5.0
67691,0.7195536147501214,0.3333333333333333,10.0
67694,0.7256186317321689,0.3333333333333333,8.333333333333332
67695,0.8617176128093158,0.0,3.333333333333333
67700,1.0,0.0,5.0
67708,0.596555070354197,0.0,6.666666666666666
67715,0.5409995147986415,1.0,5.0
67741,0.26322173702086366,0.6666666666666666,2.5
67765,0.48544395924308587,0.0,2.5
67772,0.6084425036390102,0.0,1.6666666666666665
67798,0.7195536147501214,0.6666666666666666,3.333333333333333
67807,0.29621542940320233,0.6666666666666666,5.0
67822,0.2804463852498787,0.0,2.5
67846,0.6295487627365357,0.0,3.333333333333333
67855,0.37433284813197476,0.6666666666666666,4.166666666666666
67887,0.42988840368753034,1.0,3.333333333333333
67921,0.3517709849587579,0.0,4.166666666666666
67942,0.5589519650655022,0.6666666666666666,10.0
67972,0.5402717127607958,0.3333333333333333,3.333333333333333
67983,0.37433284813197476,1.0,3.333333333333333
68014,0.40732654051431344,1.0,3.333333333333333
68029,0.5402717127607958,1.0,0.8333333333333333
68037,0.9417758369723435,0.6666666666666666,3.333333333333333
68045,0.8306647258612324,1.0,8.333333333333332
68048,0.46288209606986896,0.6666666666666666,6.666666666666666
68079,0.8306647258612324,0.6666666666666666,6.666666666666666
68113,0.42988840368753034,0.0,1.6666666666666665
68125,0.262493934983018,0.0,2.5
68160,0.49733139252789904,0.6666666666666666,4.166666666666666
68161,0.9417758369723435,1.0,10.0
68180,0.7962154294032023,0.0,4.166666666666666
68197,0.7406598738476468,1.0,5.0
68205,0.6521106259097526,0.6666666666666666,0.0
68212,0.4444444444444444,0.6666666666666666,3.333333333333333
68238,0.8862202814167879,1.0,3.333333333333333
68261,0.2804463852498787,1.0,10.0
68274,0.5892770499757399,1.0,5.0
68357,0.7406598738476468,0.0,1.6666666666666665
68427,0.6084425036390102,0.6666666666666666,2.5
68513,0.8617176128093158,0.6666666666666666,3.333333333333333
68579,0.2076661814653081,0.6666666666666666,2.5
68592,0.9417758369723435,1.0,3.333333333333333
68594,0.26322173702086366,0.0,2.5
68623,0.5409995147986415,1.0,3.333333333333333
68637,0.8617176128093158,0.3333333333333333,3.333333333333333
68641,0.4291606016496846,0.0,3.333333333333333
68661,0.6521106259097526,0.0,3.333333333333333
68681,0.29621542940320233,1.0,3.333333333333333
68682,0.42988840368753034,0.3333333333333333,2.5
68686,0.3187772925764192,0.6666666666666666,2.5
68699,0.3670548277535177,1.0,4.166666666666666
68719,0.7962154294032023,1.0,3.333333333333333
68740,0.9417758369723435,1.0,3.333333333333333
68743,0.517224648229015,0.6666666666666666,6.666666666666666
68779,0.7406598738476468,0.3333333333333333,5.833333333333332
68780,0.9417758369723435,0.3333333333333333,9.166666666666668
68786,0.262493934983018,1.0,2.5
68803,0.868995633187773,0.3333333333333333,3.333333333333333
68861,0.26322173702086366,0.6666666666666666,1.6666666666666665
68864,0.20038816108685104,0.6666666666666666,2.5
68972,0.3187772925764192,0.6666666666666666,3.333333333333333
68977,0.6448326055312955,1.0,10.0
68979,0.8134400776322174,0.3333333333333333,10.0
68989,0.2222222222222222,0.6666666666666666,6.666666666666666
69021,0.1838913148956817,1.0,2.5
69078,0.5589519650655022,0.0,2.5
69134,0.3180494905385735,0.0,3.333333333333333
69147,0.6693352741387676,1.0,3.333333333333333
69224,0.8617176128093158,1.0,8.333333333333332
69233,0.9417758369723435,0.3333333333333333,6.666666666666666
69255,0.8617176128093158,1.0,3.333333333333333
69265,0.7962154294032023,0.3333333333333333,1.6666666666666665
69275,0.7406598738476468,0.0,2.5
69279,0.8061620572537602,0.3333333333333333,3.333333333333333
69319,0.8617176128093158,1.0,3.333333333333333
69341,0.15211062590975255,0.6666666666666666,2.5
69346,0.5528869480834546,0.3333333333333333,5.0
69348,0.596555070354197,0.0,2.5
69353,0.8617176128093158,0.3333333333333333,5.0
69369,0.6111111111111112,0.6666666666666666,3.333333333333333
69443,0.48544395924308587,0.0,3.333333333333333
69466,0.29621542940320233,0.0,3.333333333333333
69481,0.8061620572537602,0.3333333333333333,6.666666666666666
69545,0.36899563318777295,1.0,6.666666666666666
69548,0.8306647258612324,0.6666666666666666,2.5
69558,0.48010674429888406,0.6666666666666666,2.5
69582,0.5409995147986415,1.0,3.333333333333333
69583,0.7751091703056768,0.6666666666666666,10.0
69606,0.7751091703056768,1.0,4.166666666666666
69624,0.7678311499272198,1.0,8.333333333333332
69637,0.26322173702086366,0.0,2.5
69649,0.4291606016496846,0.6666666666666666,3.333333333333333
69652,0.29500242600679283,1.0,3.333333333333333
69675,0.5958272683163512,0.3333333333333333,3.333333333333333
69681,0.42988840368753034,0.6666666666666666,0.0
69696,0.8617176128093158,0.3333333333333333,6.666666666666666
69697,0.5184376516254245,0.6666666666666666,5.833333333333334
69738,0.48544395924308587,0.6666666666666666,1.6666666666666665
69783,0.6700630761766133,0.3333333333333333,7.5
69789,0.613779718583212,0.0,6.666666666666666
69818,0.5409995147986415,0.0,2.5
69848,0.37433284813197476,0.0,3.333333333333333
69879,0.9417758369723435,0.6666666666666666,4.166666666666666
69902,0.3187772925764192,0.6666666666666666,2.5
69911,0.8306647258612324,0.3333333333333333,6.666666666666666
69918,0.9417758369723435,1.0,10.0
69934,0.3180494905385735,0.0,3.333333333333333
69942,1.0,1.0,6.666666666666666
70005,0.37360504609412903,0.3333333333333333,2.5
70019,0.5337214944201844,0.6666666666666666,6.666666666666666
70061,0.8617176128093158,0.0,3.333333333333333
70070,0.2069383794274624,0.0,4.166666666666666
70137,0.6851043182920913,0.0,6.666666666666666
70139,1.0,0.3333333333333333,6.666666666666666
70160,0.596555070354197,0.6666666666666666,5.0
70182,0.8233867054827754,0.0,3.333333333333333
70238,0.5344492964580301,1.0,3.333333333333333
70259,0.7248908296943232,1.0,5.0
70292,0.6521106259097526,0.6666666666666666,5.0
70310,0.26322173702086366,0.6666666666666666,2.5
70345,0.6295487627365357,0.0,3.333333333333333
70347,0.7248908296943232,1.0,3.333333333333333
70353,0.6639980591945658,1.0,5.833333333333334
70369,0.48544395924308587,1.0,3.333333333333333
70384,0.6084425036390102,0.0,2.5
70411,0.7962154294032023,0.6666666666666666,2.5
70474,0.6851043182920913,0.6666666666666666,3.333333333333333
70520,0.48544395924308587,0.0,3.333333333333333
70527,0.8233867054827754,1.0,5.0
70533,0.13998059194565743,0.6666666666666666,3.333333333333333
70552,0.4788937409024745,0.0,6.666666666666666
70662,0.48544395924308587,0.3333333333333333,5.0
70723,0.9344978165938864,0.0,2.5
70735,1.0,1.0,9.166666666666668
70760,0.37433284813197476,0.6666666666666666,2.5
70768,0.6295487627365357,0.3333333333333333,5.0
70774,0.7506065016982048,0.3333333333333333,6.666666666666666
70871,0.3670548277535177,0.6666666666666666,5.0
70924,0.44784085395439105,0.6666666666666666,8.333333333333332
70943,0.6455604075691412,0.6666666666666666,8.333333333333332
70946,0.3187772925764192,1.0,5.0
71019,0.48544395924308587,1.0,2.5
71054,0.3187772925764192,0.6666666666666666,2.5
71064,0.29500242600679283,0.0,5.0
71101,0.40732654051431344,0.6666666666666666,2.5
71117,0.5409995147986415,0.6666666666666666,4.166666666666666
71122,0.5958272683163512,0.0,3.333333333333333
71134,0.7751091703056768,0.0,3.333333333333333
71152,0.37433284813197476,0.6666666666666666,2.5
71158,0.6521106259097526,0.6666666666666666,3.333333333333333
71222,0.2076661814653081,0.0,3.333333333333333
71273,0.49733139252789904,1.0,4.166666666666666
71283,0.4291606016496846,0.0,3.333333333333333
71295,0.8888888888888888,0.6666666666666666,5.833333333333334
71325,0.37360504609412903,0.6666666666666666,3.333333333333333
71344,0.8617176128093158,0.3333333333333333,6.666666666666666
71374,0.6950509461426492,0.3333333333333333,3.333333333333333
71401,0.5900048520135857,0.0,6.666666666666666
71420,0.6145075206210577,0.3333333333333333,3.333333333333333
71430,0.5409995147986415,0.0,8.333333333333332
71494,0.8862202814167879,1.0,2.5
71507,0.46288209606986896,1.0,3.333333333333333
71524,0.25594371664240656,0.0,10.0
71526,0.8617176128093158,1.0,3.333333333333333
71535,0.5184376516254245,0.6666666666666666,5.0
71547,0.2069383794274624,0.3333333333333333,2.5
71552,0.596555070354197,0.6666666666666666,3.333333333333333
71569,0.5739932071809801,0.6666666666666666,2.5
71572,0.2777777777777778,0.6666666666666666,1.6666666666666665
71600,0.6639980591945658,0.3333333333333333,10.0
71618,0.6639980591945658,0.0,6.666666666666666
71623,0.5402717127607958,0.3333333333333333,3.333333333333333
71631,0.868995633187773,0.6666666666666666,5.0
71660,0.4847161572052402,0.0,4.166666666666666
71697,0.2076661814653081,0.6666666666666666,5.0
71719,0.8862202814167879,1.0,5.833333333333334
71792,0.5184376516254245,1.0,3.333333333333333
71842,1.0,1.0,5.833333333333334
71843,0.48544395924308587,0.0,3.333333333333333
71855,0.48544395924308587,0.6666666666666666,2.5
71857,0.262493934983018,1.0,2.5
71860,0.8789422610383308,1.0,7.5
71864,0.1838913148956817,0.6666666666666666,10.0
71870,0.5409995147986415,0.0,4.166666666666666
71881,0.8306647258612324,0.0,10.0
71908,0.6513828238719068,0.0,3.333333333333333
71924,0.7406598738476468,0.0,3.333333333333333
71938,0.8233867054827754,0.6666666666666666,2.5
71943,0.5184376516254245,0.6666666666666666,7.5
71960,0.3187772925764192,0.6666666666666666,3.333333333333333
71967,0.3360019408054342,0.3333333333333333,3.333333333333333
71974,1.0,1.0,5.0
71982,0.40732654051431344,0.6666666666666666,5.0
71984,0.8617176128093158,0.0,2.5
72020,0.2069383794274624,1.0,3.333333333333333
72049,0.8061620572537602,0.3333333333333333,5.0
72056,0.9417758369723435,0.0,4.166666666666666
72058,0.8617176128093158,1.0,3.333333333333333
72084,0.5409995147986415,0.0,3.333333333333333
72110,0.3187772925764192,0.0,3.333333333333333
72126,0.8862202814167879,1.0,3.333333333333333
72144,0.5409995147986415,0.6666666666666666,3.333333333333333
72205,0.596555070354197,0.6666666666666666,3.333333333333333
72233,0.26322173702086366,0.0,3.333333333333333
72346,0.29621542940320233,0.6666666666666666,2.5
72360,0.37433284813197476,0.0,2.5
72363,0.8233867054827754,1.0,4.166666666666666
72376,0.42988840368753034,0.6666666666666666,2.5
72385,0.4847161572052402,1.0,0.0
72413,0.48544395924308587,0.0,3.333333333333333
72447,0.9417758369723435,0.3333333333333333,5.833333333333334
72449,0.42988840368753034,0.0,3.333333333333333
72457,0.2076661814653081,0.0,3.333333333333333
72472,0.5344492964580301,0.3333333333333333,5.833333333333332
72481,0.26322173702086366,0.0,5.0
72501,0.5582241630276564,0.0,3.333333333333333
72551,0.2069383794274624,0.0,2.5
72553,0.5589519650655022,0.6666666666666666,3.333333333333333
72566,0.9444444444444444,0.3333333333333333,8.333333333333332
72576,0.9417758369723435,1.0,5.833333333333334
72577,0.6521106259097526,0.6666666666666666,5.0
72606,0.8233867054827754,0.3333333333333333,6.666666666666668
72607,0.596555070354197,0.6666666666666666,3.333333333333333
72608,0.15211062590975255,0.6666666666666666,5.0
72609,0.262493934983018,0.0,3.333333333333333
72617,0.07278020378457059,0.6666666666666666,4.166666666666666
72624,0.613779718583212,1.0,3.333333333333333
72641,0.9417758369723435,0.0,6.666666666666666
72646,0.3517709849587579,0.0,3.333333333333333
72677,0.36171761280931586,0.6666666666666666,10.0
72688,0.9417758369723435,0.3333333333333333,3.333333333333333
72710,0.7406598738476468,1.0,5.0
72720,0.5912178554099952,1.0,5.0
72723,0.6455604075691412,0.3333333333333333,8.333333333333332
72737,0.5184376516254245,0.6666666666666666,2.5
72763,0.9417758369723435,0.6666666666666666,6.666666666666666
72803,0.7578845220766619,0.6666666666666666,8.333333333333332
72805,0.7962154294032023,1.0,3.333333333333333
72888,0.3187772925764192,0.6666666666666666,2.5
72904,0.6851043182920913,0.6666666666666666,1.6666666666666665
72908,0.4291606016496846,1.0,5.0
72927,0.6693352741387676,0.0,4.166666666666666
72931,0.9417758369723435,1.0,5.0
72978,0.6700630761766133,0.6666666666666666,3.333333333333333
73007,0.26322173702086366,0.6666666666666666,3.333333333333333
73060,0.6521106259097526,0.0,3.333333333333333
73062,0.8306647258612324,0.6666666666666666,5.0
73067,0.5839398350315381,0.3333333333333333,9.166666666666668
73068,0.8617176128093158,0.6666666666666666,5.0
73126,0.8862202814167879,0.6666666666666666,10.0
73157,0.42333818534691897,0.0,1.6666666666666665
73213,0.20111596312469673,0.3333333333333333,3.333333333333333
73215,0.7256186317321689,0.0,2.5
73233,0.7256186317321689,0.0,6.666666666666666
73256,0.6513828238719068,0.6666666666666666,5.833333333333334
73270,0.42988840368753034,0.0,3.333333333333333
73287,0.5900048520135857,0.3333333333333333,5.0
73317,0.22561863173216884,0.0,3.333333333333333
73323,0.48544395924308587,0.0,2.5
73358,0.7962154294032023,0.6666666666666666,1.6666666666666665
73377,0.29621542940320233,0.6666666666666666,6.666666666666666
73401,0.7506065016982048,1.0,5.0
73437,0.15211062590975255,0.6666666666666666,2.5
73439,0.6851043182920913,0.0,2.5
73448,0.8862202814167879,0.3333333333333333,6.666666666666666
73494,0.26322173702086366,0.6666666666666666,5.0
73567,0.42988840368753034,0.6666666666666666,1.6666666666666665
73568,0.5033964095099466,0.6666666666666666,1.6666666666666665
73584,0.9417758369723435,0.0,6.666666666666666
73593,0.48544395924308587,0.0,1.6666666666666665
73642,0.7406598738476468,0.6666666666666666,3.333333333333333
73690,0.46288209606986896,0.0,2.5
73693,0.15211062590975255,0.6666666666666666,2.5
73697,0.37433284813197476,0.0,3.333333333333333
73707,0.6521106259097526,0.0,4.166666666666666
73708,0.6394953905870937,0.6666666666666666,3.333333333333333
73715,0.4471130519165454,0.6666666666666666,5.833333333333334
73739,0.5589519650655022,0.0,3.333333333333333
73751,0.6639980591945658,0.6666666666666666,8.333333333333332
73763,0.29500242600679283,0.6666666666666666,3.333333333333333
73780,0.5184376516254245,1.0,3.333333333333333
73793,0.5184376516254245,0.6666666666666666,3.333333333333333
73869,0.6513828238719068,0.6666666666666666,3.333333333333333
73889,0.37433284813197476,0.6666666666666666,2.5
73893,0.42988840368753034,0.6666666666666666,5.0
73925,0.48544395924308587,0.6666666666666666,3.333333333333333
73928,0.5402717127607958,0.3333333333333333,6.666666666666666
74007,0.42988840368753034,0.6666666666666666,1.6666666666666665
74050,0.3677826297913634,0.3333333333333333,7.5
74072,0.9417758369723435,1.0,9.166666666666668
74084,0.3187772925764192,0.0,3.333333333333333
74087,0.6295487627365357,0.3333333333333333,5.0
74103,0.8061620572537602,0.3333333333333333,3.333333333333333
74115,0.5184376516254245,0.6666666666666666,2.5
74118,0.42988840368753034,0.6666666666666666,1.6666666666666665
74136,0.8306647258612324,1.0,2.5
74147,0.23871906841339155,0.0,3.333333333333333
74162,0.6851043182920913,0.6666666666666666,3.333333333333333
74171,0.7962154294032023,0.6666666666666666,3.333333333333333
74187,0.5409995147986415,0.3333333333333333,3.333333333333333
74199,0.9417758369723435,0.3333333333333333,6.666666666666666
74285,0.3187772925764192,0.0,2.5
74303,0.14556040756914118,0.3333333333333333,6.666666666666666
74334,0.14483260553129548,0.6666666666666666,9.166666666666668
74340,0.4172731683648714,0.6666666666666666,10.0
74392,0.2566715186802523,0.6666666666666666,10.0
74417,0.0,1.0,0.0
74464,0.5582241630276564,0.3333333333333333,5.0
74489,0.49733139252789904,0.6666666666666666,5.833333333333334
74527,0.5456089277049976,0.0,2.5
74567,0.7195536147501214,1.0,10.0
74603,0.2076661814653081,0.0,3.333333333333333
74608,0.42988840368753034,0.6666666666666666,3.333333333333333
74621,0.37433284813197476,0.0,3.333333333333333
74681,0.8862202814167879,0.6666666666666666,3.333333333333333
74689,0.37433284813197476,0.6666666666666666,3.333333333333333
74719,0.47282872392042696,0.0,6.666666666666666
74722,0.7962154294032023,0.6666666666666666,6.666666666666666
74724,0.8862202814167879,0.0,10.0
74729,0.7195536147501214,0.6666666666666666,5.0
74735,0.7195536147501214,1.0,10.0
74764,0.37433284813197476,0.0,3.333333333333333
74770,0.5727802037845706,0.6666666666666666,10.0
74774,0.9417758369723435,0.3333333333333333,6.666666666666666
74805,0.23871906841339155,0.6666666666666666,0.8333333333333333
74824,0.7023289665211063,0.3333333333333333,10.0
74825,0.42988840368753034,0.3333333333333333,4.166666666666666
74847,0.5958272683163512,1.0,10.0
74859,0.3187772925764192,0.6666666666666666,1.6666666666666665
74869,0.6521106259097526,0.0,5.833333333333334
74904,0.5344492964580301,0.6666666666666666,6.666666666666666
74917,0.07278020378457059,0.0,0.0
74922,0.5033964095099466,0.0,3.333333333333333
74940,0.5,0.6666666666666666,10.0
74958,0.42988840368753034,0.6666666666666666,2.5
75024,0.6851043182920913,1.0,3.333333333333333
75033,0.8617176128093158,1.0,3.333333333333333
75071,0.3187772925764192,0.6666666666666666,1.6666666666666665
75082,0.3677826297913634,0.3333333333333333,5.0
75088,0.4788937409024745,1.0,5.0
75100,0.8306647258612324,1.0,10.0
75145,0.5900048520135857,0.0,5.0
75158,0.4172731683648714,0.6666666666666666,5.833333333333334
75159,0.8862202814167879,0.3333333333333333,8.333333333333332
75193,0.6521106259097526,0.6666666666666666,3.333333333333333
75215,0.2076661814653081,0.0,2.5
75237,0.40732654051431344,0.3333333333333333,3.333333333333333
75238,0.502668607472101,0.3333333333333333,3.333333333333333
75250,0.37433284813197476,0.6666666666666666,3.333333333333333
75257,0.5912178554099952,1.0,3.333333333333333
75308,0.42988840368753034,0.6666666666666666,3.333333333333333
75371,0.3517709849587579,0.0,1.6666666666666665
75376,0.8789422610383308,0.6666666666666666,10.0
75431,0.6111111111111112,0.6666666666666666,1.6666666666666665
75521,0.8306647258612324,0.0,10.0
75522,0.22489082969432314,1.0,1.6666666666666665
75526,0.26322173702086366,0.6666666666666666,2.5
75574,0.7506065016982048,1.0,3.333333333333333
75621,0.8862202814167879,1.0,2.5
75656,0.3187772925764192,0.0,2.5
75681,0.6295487627365357,0.6666666666666666,2.5
75711,0.7578845220766619,0.3333333333333333,4.166666666666666
75755,0.6394953905870937,1.0,5.0
75782,0.8888888888888888,0.0,10.0
75793,0.6145075206210577,1.0,1.6666666666666665
75801,0.6295487627365357,0.0,1.6666666666666665
75823,0.4061135371179039,0.6666666666666666,4.166666666666666
75827,0.22561863173216884,0.0,8.333333333333334
75833,0.8306647258612324,0.0,5.0
75838,0.7256186317321689,0.3333333333333333,3.333333333333333
75842,0.6950509461426492,0.6666666666666666,10.0
75854,0.7678311499272198,0.0,5.0
75855,0.9417758369723435,1.0,3.333333333333333
75859,0.6639980591945658,0.3333333333333333,6.666666666666666
75882,0.26322173702086366,0.6666666666666666,0.0
75884,0.26322173702086366,0.6666666666666666,5.0
75890,0.8862202814167879,0.0,6.666666666666666
75903,0.9417758369723435,0.3333333333333333,6.666666666666666
75920,0.7578845220766619,0.3333333333333333,10.0
75924,0.6145075206210577,0.0,3.333333333333333
75925,0.5409995147986415,0.3333333333333333,5.0
75973,0.5582241630276564,0.6666666666666666,3.333333333333333
76023,0.8061620572537602,1.0,3.333333333333333
76049,0.5409995147986415,0.6666666666666666,2.5
76058,0.42988840368753034,0.6666666666666666,3.333333333333333
76066,0.7406598738476468,1.0,3.333333333333333
76086,0.8617176128093158,0.6666666666666666,5.0
76091,0.7023289665211063,1.0,3.333333333333333
76117,0.6639980591945658,0.0,5.0
76167,0.48544395924308587,0.6666666666666666,3.333333333333333
76213,0.3922852983988355,0.6666666666666666,3.333333333333333
76227,0.9344978165938864,1.0,5.0
76235,0.3187772925764192,0.0,5.0
76266,0.5409995147986415,0.6666666666666666,6.666666666666666
76306,0.6700630761766133,0.3333333333333333,3.333333333333333
76311,0.4417758369723435,0.6666666666666666,5.0
76317,0.3915574963609898,0.0,2.5
76344,0.6851043182920913,0.0,7.5
76357,0.6084425036390102,0.3333333333333333,3.333333333333333
76358,0.48544395924308587,0.0,2.5
76378,0.26322173702086366,0.0,2.5
76411,0.7248908296943232,1.0,5.0
76484,0.48544395924308587,0.6666666666666666,1.6666666666666665
76569,0.7962154294032023,1.0,2.5
76588,0.8061620572537602,1.0,10.0
76602,0.48544395924308587,0.6666666666666666,5.0
76609,0.26322173702086366,0.0,4.166666666666666
76644,0.6145075206210577,0.0,3.333333333333333
76651,0.37433284813197476,0.6666666666666666,2.5
76699,0.8862202814167879,1.0,5.0
76707,0.596555070354197,0.3333333333333333,2.5
76716,0.8862202814167879,0.0,1.6666666666666665
76757,1.0,0.6666666666666666,5.0
76766,0.5739932071809801,0.0,3.333333333333333
76802,0.5033964095099466,0.6666666666666666,2.5
76811,0.4291606016496846,0.0,5.0
76833,0.6851043182920913,0.6666666666666666,6.666666666666666
76842,0.3517709849587579,0.6666666666666666,3.333333333333333
76882,0.9417758369723435,0.0,6.666666666666666
76897,0.23944687045123725,0.6666666666666666,4.166666666666666
76958,0.33672974284327994,0.0,8.333333333333332
77001,0.3360019408054342,1.0,5.833333333333334
77055,0.8617176128093158,0.6666666666666666,5.833333333333334
77062,0.6521106259097526,0.6666666666666666,5.0
77065,0.6084425036390102,1.0,3.333333333333333
77067,0.4061135371179039,1.0,5.0
77075,0.9417758369723435,1.0,8.333333333333332
77084,0.8061620572537602,0.3333333333333333,6.666666666666666
77097,0.4847161572052402,0.0,2.5
77130,0.7751091703056768,0.6666666666666666,3.333333333333333
77157,0.07205240174672489,0.0,1.6666666666666665
77164,0.20111596312469673,0.0,3.333333333333333
77184,0.20111596312469673,0.6666666666666666,3.333333333333333
77277,0.7962154294032023,1.0,6.666666666666666
77309,0.7678311499272198,0.0,5.0
77342,0.3187772925764192,0.0,3.333333333333333
77383,0.29500242600679283,0.6666666666666666,5.0
77391,0.4847161572052402,0.0,3.333333333333333
77401,0.4847161572052402,0.0,3.333333333333333
77402,0.26322173702086366,0.6666666666666666,1.6666666666666665
77410,0.5184376516254245,0.6666666666666666,10.0
77421,0.6950509461426492,1.0,6.666666666666668
77458,0.36899563318777295,1.0,6.666666666666666
77464,0.26322173702086366,0.0,5.0
77498,0.8617176128093158,1.0,5.0
77500,0.6521106259097526,0.0,3.333333333333333
77524,0.07278020378457059,0.6666666666666666,5.0
77526,0.5739932071809801,0.3333333333333333,5.0
77549,0.36899563318777295,0.0,5.0
77564,0.42988840368753034,0.0,3.333333333333333
77565,0.46288209606986896,0.0,2.5
77631,0.2076661814653081,0.6666666666666666,1.6666666666666665
77635,0.9344978165938864,0.3333333333333333,3.333333333333333
77672,0.22561863173216884,0.6666666666666666,5.0
77674,1.0,1.0,10.0
77684,0.22489082969432314,0.6666666666666666,4.166666666666666
77706,0.262493934983018,0.0,5.833333333333334
77715,0.6851043182920913,0.0,5.833333333333334
77720,0.5528869480834546,0.3333333333333333,6.666666666666666
77769,0.2076661814653081,0.0,5.0
77785,0.42988840368753034,0.0,2.5
77793,0.6455604075691412,1.0,6.666666666666666
77795,0.37360504609412903,0.6666666666666666,5.0
77819,0.47282872392042696,0.6666666666666666,5.833333333333334
77827,0.44784085395439105,0.3333333333333333,3.333333333333333
77840,0.2069383794274624,0.6666666666666666,5.0
77841,0.7751091703056768,0.0,2.5
77843,0.596555070354197,0.3333333333333333,3.333333333333333
77882,0.8862202814167879,0.3333333333333333,3.333333333333333
77893,0.6295487627365357,0.3333333333333333,2.5
77907,0.9344978165938864,0.3333333333333333,5.0
77908,0.3180494905385735,0.6666666666666666,3.333333333333333
77925,0.26322173702086366,0.6666666666666666,5.0
77930,0.2942746239689471,0.0,2.5
77954,0.12833575934012614,0.3333333333333333,0.8333333333333333
77956,0.8134400776322174,1.0,6.666666666666666
77967,0.7962154294032023,0.3333333333333333,3.333333333333333
77970,0.9417758369723435,0.0,5.0
78000,0.6145075206210577,1.0,6.666666666666666
78035,0.4847161572052402,0.6666666666666666,3.333333333333333
78036,0.8617176128093158,1.0,5.0
78045,0.3360019408054342,0.0,5.0
78094,0.20111596312469673,0.6666666666666666,4.166666666666666
78130,0.28117418728772436,0.6666666666666666,3.333333333333333
78133,0.26322173702086366,0.6666666666666666,3.333333333333333
78169,0.8306647258612324,0.3333333333333333,3.333333333333333
78178,0.6295487627365357,0.6666666666666666,1.6666666666666665
78201,0.5892770499757399,1.0,5.0
78207,0.5409995147986415,0.0,1.6666666666666665
78253,0.8862202814167879,1.0,7.5
78266,0.37433284813197476,0.0,3.333333333333333
78286,0.4609412906356138,0.0,0.0
78296,0.6693352741387676,0.0,2.5
78335,0.3187772925764192,0.6666666666666666,2.5
78365,0.12760795730228044,0.6666666666666666,0.8333333333333333
78388,0.9417758369723435,0.3333333333333333,2.5
78408,0.3187772925764192,0.6666666666666666,0.0
78442,0.183163512857836,0.6666666666666666,1.6666666666666665
78465,0.36899563318777295,1.0,3.333333333333333
78476,1.0,1.0,8.333333333333332
78510,0.6145075206210577,0.0,2.5
78534,0.3187772925764192,0.6666666666666666,3.333333333333333
78565,0.6639980591945658,0.6666666666666666,3.333333333333333
78603,0.5958272683163512,1.0,3.333333333333333
78639,0.6295487627365357,0.0,2.5
78645,0.5589519650655022,0.3333333333333333,10.0
78669,0.26322173702086366,0.6666666666666666,3.333333333333333
78678,0.48544395924308587,0.0,2.5
78692,0.48544395924308587,0.0,3.333333333333333
78739,0.25109170305676853,0.0,2.5
78750,0.9444444444444444,0.0,0.0
78802,0.37433284813197476,0.0,2.5
78845,0.5402717127607958,1.0,1.6666666666666665
78878,0.596555070354197,0.3333333333333333,5.833333333333334
78890,0.6851043182920913,0.3333333333333333,3.333333333333333
78897,0.5283842794759825,1.0,10.0
78975,0.3922852983988355,1.0,3.333333333333333
78980,0.7751091703056768,0.3333333333333333,3.333333333333333
78995,0.42988840368753034,0.0,3.333333333333333
79005,0.07278020378457059,0.6666666666666666,2.5
79054,0.7248908296943232,0.3333333333333333,3.333333333333333
79079,0.42988840368753034,0.6666666666666666,3.333333333333333
79242,0.5900048520135857,0.0,3.333333333333333
79249,0.4788937409024745,0.3333333333333333,5.0
79266,0.2076661814653081,0.0,3.333333333333333
79344,0.26322173702086366,0.0,1.6666666666666665
79349,0.5958272683163512,1.0,5.0
79362,0.7256186317321689,1.0,2.5
79387,0.37433284813197476,0.3333333333333333,6.666666666666666
79391,0.4417758369723435,0.6666666666666666,3.333333333333333
79445,0.4291606016496846,0.6666666666666666,2.5
79473,0.7751091703056768,0.6666666666666666,3.333333333333333
79496,0.0,0.6666666666666666,10.0
79508,0.8862202814167879,0.3333333333333333,6.666666666666666
79516,0.42988840368753034,0.0,6.666666666666666
79518,0.29500242600679283,0.3333333333333333,2.5
79551,0.42988840368753034,0.3333333333333333,6.666666666666666
79563,0.8862202814167879,0.6666666666666666,10.0
79568,0.8617176128093158,0.0,3.333333333333333
79578,0.3180494905385735,0.6666666666666666,5.0
79602,0.6521106259097526,0.6666666666666666,3.333333333333333
79617,0.8134400776322174,0.0,3.333333333333333
79622,0.8789422610383308,0.6666666666666666,5.0
79627,0.42333818534691897,1.0,5.0
79657,0.48544395924308587,0.0,3.333333333333333
79672,0.42988840368753034,1.0,3.333333333333333
79755,0.2076661814653081,0.0,1.6666666666666665
79756,0.4053857350800582,0.6666666666666666,1.6666666666666665
79758,0.26322173702086366,0.3333333333333333,6.666666666666666
79771,0.6639980591945658,0.6666666666666666,10.0
79800,0.48544395924308587,0.6666666666666666,3.333333333333333
79834,0.517224648229015,1.0,10.0
79837,0.7751091703056768,0.0,5.0
79842,0.6521106259097526,0.6666666666666666,2.5
79858,0.7962154294032023,1.0,5.0
79862,0.5184376516254245,0.0,3.333333333333333
79880,0.42988840368753034,1.0,3.333333333333333
79882,0.42333818534691897,0.0,5.0
79888,0.6700630761766133,0.0,3.333333333333333
79923,0.5582241630276564,1.0,3.333333333333333
79971,0.5409995147986415,0.0,2.5
80002,0.4291606016496846,0.0,3.333333333333333
80015,0.5900048520135857,0.0,6.666666666666666
80030,0.5739932071809801,1.0,6.666666666666666
80037,0.37360504609412903,0.6666666666666666,2.5
80052,0.5589519650655022,0.0,3.333333333333333
80067,0.3517709849587579,0.0,9.166666666666668
80078,0.5,0.6666666666666666,6.666666666666666
80086,0.5582241630276564,0.3333333333333333,3.333333333333333
80092,0.05555555555555555,0.6666666666666666,3.333333333333333
80109,0.3517709849587579,0.6666666666666666,3.333333333333333
80132,0.5958272683163512,0.6666666666666666,2.5
80142,0.7406598738476468,1.0,3.333333333333333
80150,0.6521106259097526,0.0,8.333333333333332
80164,0.9417758369723435,0.6666666666666666,3.333333333333333
80184,0.8862202814167879,1.0,6.666666666666666
80190,0.596555070354197,1.0,5.833333333333334
80219,0.12760795730228044,0.6666666666666666,2.5
80263,0.7751091703056768,0.6666666666666666,2.5
80281,0.6145075206210577,0.0,5.0
80345,0.20038816108685104,0.0,3.333333333333333
80388,0.5589519650655022,0.3333333333333333,1.6666666666666665
80413,0.5727802037845706,0.6666666666666666,4.166666666666666
80423,0.7256186317321689,0.3333333333333333,3.333333333333333
80425,0.7195536147501214,0.6666666666666666,4.166666666666666
80426,0.6295487627365357,0.3333333333333333,3.333333333333333
80454,0.5033964095099466,1.0,8.333333333333332
80475,0.42988840368753034,0.6666666666666666,4.166666666666666
80496,0.5409995147986415,0.0,3.333333333333333
80498,0.6295487627365357,0.0,3.333333333333333
80510,0.3187772925764192,0.3333333333333333,3.333333333333333
80513,0.9417758369723435,0.6666666666666666,5.0
80522,0.5528869480834546,1.0,10.0
80529,0.9417758369723435,1.0,10.0
80556,0.26322173702086366,0.0,3.333333333333333
80567,0.48010674429888406,0.6666666666666666,5.0
80571,0.8306647258612324,0.3333333333333333,10.0
80636,0.6521106259097526,1.0,5.0
80674,0.2076661814653081,0.3333333333333333,3.333333333333333
80685,0.2069383794274624,0.6666666666666666,5.0
80708,0.26322173702086366,1.0,5.0
80711,0.7751091703056768,0.0,5.833333333333334
80740,0.7751091703056768,1.0,6.666666666666666
80749,0.07278020378457059,0.6666666666666666,1.6666666666666665
80763,0.48544395924308587,0.6666666666666666,4.166666666666666
80767,0.7256186317321689,1.0,3.333333333333333
80768,0.5409995147986415,0.3333333333333333,8.333333333333332
80774,0.26322173702086366,0.6666666666666666,3.333333333333333
80814,0.7256186317321689,0.0,5.0
80837,0.37433284813197476,1.0,1.6666666666666665
80838,0.48544395924308587,0.0,5.0
80839,0.4417758369723435,0.3333333333333333,5.833333333333332
80845,0.48544395924308587,0.0,1.6666666666666665
80868,0.37360504609412903,0.3333333333333333,6.666666666666666
80900,0.37433284813197476,1.0,2.5
80937,0.8061620572537602,0.6666666666666666,3.333333333333333
81032,0.5958272683163512,1.0,2.5
81078,0.8617176128093158,0.3333333333333333,3.333333333333333
81082,0.4291606016496846,0.6666666666666666,2.5
81091,0.42988840368753034,0.0,3.333333333333333
81099,0.5528869480834546,0.0,9.166666666666668
81102,0.5912178554099952,0.6666666666666666,10.0
81128,0.5739932071809801,1.0,3.333333333333333
81220,0.4061135371179039,0.6666666666666666,3.333333333333333
81230,0.596555070354197,0.6666666666666666,3.333333333333333
81275,0.6521106259097526,0.6666666666666666,3.333333333333333
81279,0.07205240174672489,0.6666666666666666,2.5
81280,0.7195536147501214,1.0,10.0
81290,0.4788937409024745,0.0,6.666666666666666
81292,0.9417758369723435,1.0,3.333333333333333
81347,0.7195536147501214,0.0,3.333333333333333
81366,0.7678311499272198,1.0,5.833333333333334
81396,0.48544395924308587,0.6666666666666666,3.333333333333333
81402,0.5409995147986415,1.0,2.5
81408,0.37433284813197476,0.6666666666666666,2.5
81410,0.37433284813197476,0.0,3.333333333333333
81434,0.6455604075691412,0.0,10.0
81450,0.8233867054827754,0.6666666666666666,1.6666666666666665
81466,0.6521106259097526,1.0,5.0
81473,0.42988840368753034,0.0,2.5
81486,0.26322173702086366,0.6666666666666666,3.333333333333333
81500,0.5033964095099466,0.3333333333333333,3.333333333333333
81525,0.6851043182920913,0.6666666666666666,3.333333333333333
81549,0.8617176128093158,0.3333333333333333,5.0
81654,0.7578845220766619,0.6666666666666666,5.0
81668,0.7406598738476468,1.0,3.333333333333333
81673,0.48544395924308587,0.0,1.6666666666666665
81676,0.40732654051431344,1.0,6.666666666666666
81692,0.7962154294032023,1.0,5.0
81700,0.26322173702086366,0.6666666666666666,1.6666666666666665
81716,0.3187772925764192,0.0,5.0
81722,0.46288209606986896,0.6666666666666666,5.0
81740,0.6521106259097526,0.0,3.333333333333333
81767,0.596555070354197,0.3333333333333333,1.6666666666666665
81811,0.42988840368753034,0.0,3.333333333333333
81840,0.42988840368753034,0.0,3.333333333333333
81862,0.4471130519165454,0.6666666666666666,3.333333333333333
81869,0.26322173702086366,0.0,2.5
81890,0.5184376516254245,0.3333333333333333,3.333333333333333
81905,0.8306647258612324,0.0,5.0
81907,0.7406598738476468,0.6666666666666666,5.0
81918,0.3187772925764192,1.0,3.333333333333333
81971,0.37433284813197476,1.0,5.0
81995,0.9417758369723435,0.6666666666666666,5.833333333333334
81997,0.5337214944201844,0.6666666666666666,1.6666666666666665
82004,0.7406598738476468,0.6666666666666666,5.0
82015,0.2076661814653081,0.0,2.5
82064,0.5184376516254245,0.6666666666666666,2.5
82075,0.6467734109655507,0.0,5.833333333333334
82101,0.16666666666666666,0.3333333333333333,7.5
82134,0.8862202814167879,0.3333333333333333,6.666666666666666
82141,0.37433284813197476,0.0,3.333333333333333
82204,0.2076661814653081,0.6666666666666666,6.666666666666666
82245,1.0,0.6666666666666666,6.666666666666666
82256,0.8862202814167879,0.6666666666666666,6.666666666666666
82344,0.8862202814167879,0.0,8.333333333333332
82356,0.4291606016496846,0.0,3.333333333333333
82359,0.23871906841339155,0.0,1.6666666666666665
82372,0.6693352741387676,1.0,10.0
82384,0.7578845220766619,0.3333333333333333,9.166666666666668
82401,0.31222707423580787,0.6666666666666666,6.666666666666666
82431,0.5739932071809801,0.6666666666666666,5.0
82457,0.4172731683648714,1.0,5.833333333333334
82466,0.33672974284327994,0.3333333333333333,2.5
82474,0.7962154294032023,1.0,2.5
82511,0.7506065016982048,0.0,5.0
82532,0.6950509461426492,0.0,3.333333333333333
82565,0.596555070354197,0.6666666666666666,3.333333333333333
82596,0.26322173702086366,0.6666666666666666,2.5
82610,0.48544395924308587,0.0,4.166666666666666
82613,0.5958272683163512,0.3333333333333333,5.0
82621,0.5184376516254245,0.6666666666666666,3.333333333333333
82631,0.46288209606986896,0.0,5.0
82665,0.3333333333333333,0.0,2.5
82672,0.5033964095099466,1.0,8.333333333333332
82674,1.0,0.6666666666666666,5.0
82678,0.44784085395439105,0.0,5.0
82690,0.502668607472101,0.6666666666666666,1.6666666666666665
82696,0.2076661814653081,0.6666666666666666,9.166666666666668
82716,0.6295487627365357,0.0,3.333333333333333
82772,0.26322173702086366,1.0,6.666666666666666
82781,0.8306647258612324,0.6666666666666666,5.0
82783,0.9417758369723435,1.0,5.0
82809,0.37360504609412903,0.6666666666666666,6.666666666666666
82810,0.8061620572537602,1.0,3.333333333333333
82848,0.8862202814167879,1.0,10.0
82876,0.7506065016982048,1.0,6.666666666666666
82885,0.6851043182920913,0.3333333333333333,1.6666666666666665
82904,0.37433284813197476,0.6666666666666666,2.5
82912,0.48544395924308587,1.0,3.333333333333333
82985,0.3187772925764192,0.3333333333333333,6.666666666666666
83022,0.596555070354197,0.6666666666666666,1.6666666666666665
83083,0.6851043182920913,0.3333333333333333,3.333333333333333
83094,0.6700630761766133,1.0,6.666666666666666
83213,0.26322173702086366,0.6666666666666666,2.5
83233,0.26322173702086366,0.6666666666666666,2.5
83251,0.26322173702086366,0.0,3.333333333333333
83257,0.14556040756914118,0.3333333333333333,5.0
83284,0.9417758369723435,1.0,10.0
83302,0.12833575934012614,0.6666666666666666,0.8333333333333333
83310,0.5409995147986415,1.0,3.333333333333333
83364,0.46288209606986896,0.6666666666666666,5.0
83365,0.8061620572537602,0.0,6.666666666666666
83431,0.9417758369723435,1.0,5.0
83452,0.6851043182920913,0.6666666666666666,6.666666666666666
83458,0.5739932071809801,0.0,2.5
83472,0.33672974284327994,0.3333333333333333,3.333333333333333
83478,0.6145075206210577,0.6666666666666666,3.333333333333333
83482,0.3187772925764192,0.6666666666666666,3.333333333333333
83513,0.15211062590975255,0.6666666666666666,2.5
83524,0.5184376516254245,0.6666666666666666,4.166666666666666
83536,0.8789422610383308,0.3333333333333333,5.0
83540,0.07205240174672489,0.6666666666666666,5.0
83544,0.37433284813197476,0.6666666666666666,3.333333333333333
83548,0.8061620572537602,0.3333333333333333,5.0
83574,0.42988840368753034,1.0,3.333333333333333
83610,0.6145075206210577,0.0,5.0
83617,0.7406598738476468,0.0,3.333333333333333
83642,0.47282872392042696,0.6666666666666666,6.666666666666666
83682,0.7962154294032023,1.0,3.333333333333333
83686,0.2566715186802523,0.6666666666666666,8.333333333333332
83785,0.14556040756914118,0.3333333333333333,3.333333333333333
83787,0.7248908296943232,0.3333333333333333,2.5
83794,0.26322173702086366,0.6666666666666666,3.333333333333333
83804,0.2069383794274624,0.0,2.5
83805,0.5589519650655022,1.0,3.333333333333333
83823,0.5409995147986415,0.0,3.333333333333333
83824,0.6513828238719068,0.0,2.5
83838,0.7248908296943232,0.0,5.0
83857,0.7406598738476468,0.6666666666666666,5.0
83862,0.6950509461426492,0.6666666666666666,3.333333333333333
83866,0.5283842794759825,1.0,8.333333333333332
83878,0.26322173702086366,1.0,3.333333333333333
83888,0.5409995147986415,0.6666666666666666,2.5
83967,0.5582241630276564,1.0,3.333333333333333
84071,0.8789422610383308,1.0,10.0
84085,0.16666666666666666,1.0,5.0
84098,0.3915574963609898,0.0,6.666666666666666
84113,0.2076661814653081,0.0,3.333333333333333
84138,0.8617176128093158,0.6666666666666666,5.0
84148,0.28117418728772436,0.3333333333333333,5.0
84149,0.7248908296943232,1.0,7.5
84187,0.8617176128093158,1.0,5.0
84199,0.8306647258612324,0.0,6.666666666666666
84201,0.5184376516254245,1.0,5.833333333333334
84223,0.15211062590975255,0.0,3.333333333333333
84238,0.2076661814653081,0.3333333333333333,3.333333333333333
84271,0.47816593886462877,0.6666666666666666,3.333333333333333
84282,0.5409995147986415,1.0,3.333333333333333
84299,0.5739932071809801,0.0,3.333333333333333
84311,0.5409995147986415,0.3333333333333333,0.0
84314,0.5900048520135857,0.0,1.6666666666666665
84319,0.8617176128093158,0.6666666666666666,3.333333333333333
84329,0.6295487627365357,0.6666666666666666,5.0
84352,0.42333818534691897,1.0,5.0
84405,0.6950509461426492,0.6666666666666666,10.0
84414,0.4291606016496846,0.6666666666666666,2.5
84419,0.4847161572052402,0.0,1.6666666666666665
84436,0.8306647258612324,1.0,8.333333333333332
84476,0.8617176128093158,1.0,8.333333333333334
84499,0.6145075206210577,0.3333333333333333,3.333333333333333
84519,0.29621542940320233,1.0,5.0
84526,0.37433284813197476,0.0,3.333333333333333
84533,0.26322173702086366,1.0,3.333333333333333
84560,0.3505579815623484,0.6666666666666666,3.333333333333333
84570,0.9417758369723435,1.0,8.333333333333332
84588,0.613779718583212,1.0,6.666666666666666
84596,0.7406598738476468,1.0,2.5
84600,0.15211062590975255,0.6666666666666666,5.0
84602,0.7751091703056768,1.0,10.0
84631,0.9417758369723435,1.0,10.0
84632,0.2777777777777778,0.0,0.0
84746,0.31222707423580787,0.3333333333333333,5.0
84825,0.7678311499272198,0.6666666666666666,8.333333333333332
84853,0.7751091703056768,0.0,3.333333333333333
84860,0.26322173702086366,0.0,2.5
84861,0.6521106259097526,1.0,3.333333333333333
84881,0.37433284813197476,0.0,6.666666666666666
84927,0.7195536147501214,1.0,3.333333333333333
84937,0.37433284813197476,0.6666666666666666,5.0
84961,0.5409995147986415,1.0,3.333333333333333
84965,0.37433284813197476,1.0,3.333333333333333
84967,0.9417758369723435,0.6666666666666666,8.333333333333332
84973,0.47282872392042696,0.6666666666666666,5.0
85007,0.5402717127607958,0.6666666666666666,5.0
85044,0.7023289665211063,1.0,2.5
85054,0.8061620572537602,0.6666666666666666,6.666666666666668
85088,0.2076661814653081,0.0,10.0
85092,0.4847161572052402,0.3333333333333333,3.333333333333333
85109,0.5739932071809801,0.6666666666666666,2.5
85115,0.2222222222222222,0.6666666666666666,8.333333333333334
85142,0.48544395924308587,1.0,2.5
85154,0.48544395924308587,0.0,3.333333333333333
85180,0.22489082969432314,1.0,1.6666666666666665
85218,0.4061135371179039,0.0,10.0
85223,0.48544395924308587,0.6666666666666666,2.5
85224,0.5409995147986415,0.0,3.333333333333333
85225,0.7195536147501214,1.0,3.333333333333333
85226,0.9417758369723435,1.0,3.333333333333333
85279,0.8862202814167879,0.6666666666666666,10.0
85282,0.6851043182920913,0.0,1.6666666666666665
85284,0.2076661814653081,0.6666666666666666,2.5
85295,0.5528869480834546,0.0,2.5
85300,0.46288209606986896,0.6666666666666666,5.0
85312,0.3517709849587579,0.6666666666666666,2.5
85315,0.613779718583212,0.6666666666666666,2.5
85344,0.8306647258612324,0.6666666666666666,2.5
85404,1.0,0.0,5.833333333333334
85413,0.3915574963609898,0.6666666666666666,2.5
85429,0.6693352741387676,0.6666666666666666,6.666666666666666
85437,0.5409995147986415,1.0,5.0
85463,0.6145075206210577,1.0,5.0
85469,0.6295487627365357,0.6666666666666666,5.0
85482,0.48544395924308587,1.0,3.333333333333333
85486,0.20111596312469673,1.0,3.333333333333333
85526,0.6145075206210577,0.3333333333333333,3.333333333333333
85542,0.6521106259097526,1.0,3.333333333333333
85555,0.48544395924308587,0.0,3.333333333333333
85566,0.15211062590975255,0.6666666666666666,3.333333333333333
85610,0.6084425036390102,0.6666666666666666,6.666666666666666
85633,0.47282872392042696,1.0,5.0
85734,0.7751091703056768,0.0,6.666666666666666
85789,0.7751091703056768,0.0,6.666666666666666
85818,0.4061135371179039,0.6666666666666666,2.5
85825,0.12833575934012614,1.0,3.333333333333333
85845,0.6851043182920913,0.0,3.333333333333333
85887,0.48544395924308587,0.6666666666666666,2.5
85908,0.6467734109655507,0.3333333333333333,9.166666666666668
85912,0.6295487627365357,0.3333333333333333,3.333333333333333
85915,0.26322173702086366,0.6666666666666666,2.5
85917,0.5033964095099466,1.0,6.666666666666666
85922,0.5409995147986415,1.0,3.333333333333333
85960,0.9344978165938864,0.0,3.333333333333333
85993,0.3187772925764192,0.0,2.5
85998,0.8862202814167879,1.0,10.0
86052,0.3517709849587579,0.0,4.166666666666666
86061,0.517224648229015,0.6666666666666666,6.666666666666666
86081,0.7962154294032023,0.0,3.333333333333333
86086,0.5958272683163512,1.0,3.333333333333333
86087,0.8617176128093158,0.6666666666666666,3.333333333333333
86115,0.46288209606986896,1.0,5.0
86127,0.42988840368753034,0.6666666666666666,5.833333333333334
86131,0.8306647258612324,1.0,6.666666666666666
86135,0.37433284813197476,0.0,5.0
86163,0.42455118874332853,0.3333333333333333,8.333333333333332
86164,0.596555070354197,0.3333333333333333,5.0
86176,0.48544395924308587,0.6666666666666666,2.5
86181,0.42988840368753034,1.0,3.333333333333333
86189,0.37433284813197476,0.6666666666666666,3.333333333333333
86205,0.7962154294032023,0.6666666666666666,2.5
86214,0.6521106259097526,1.0,3.333333333333333
86219,1.0,0.6666666666666666,6.666666666666666
86252,0.4847161572052402,1.0,1.6666666666666665
86254,0.40732654051431344,0.0,3.333333333333333
86271,1.0,1.0,6.666666666666666
86313,0.5912178554099952,0.0,5.0
86323,0.5402717127607958,0.6666666666666666,3.333333333333333
86324,0.6851043182920913,1.0,3.333333333333333
86326,0.6851043182920913,1.0,5.0
86387,0.5409995147986415,0.6666666666666666,3.333333333333333
86394,0.5727802037845706,1.0,6.666666666666666
86463,1.0,0.3333333333333333,3.333333333333333
86466,0.5402717127607958,0.6666666666666666,3.333333333333333
